ID,评论时间,评论星级,评论内容
2357224095,1591534245853,50,之前就听朋友说过很多次一直没有时间来，自驾游从贵阳出发，做了下攻略漂流完又去镇远古镇，西江千户苗寨，几个地方离的比较近，先说下高过河漂流相对其他漂流还是比较刺激，大概漂了三个小时，玩下来全身湿漉漉的，就是稍微有点冷，最好天气热的时候去。
2394943165,1594192959256,50,是一个非常好玩的地方 适合减压 适合约会 适合夏天 激流的地方还是挺多的 不错 就是一定要做好防晒和手机防水
2344539215,1590637677803,40,"【餐饮】去漂流的途中记得先吃点东西 因为到了景区换衣服坐大巴还要一段距离 5月12日去的漂流 里面没啥吃的 炸洋芋 凉粉凉面之类的 太坑了 又难吃分量又少又贵 但是里面没吃了 除了这几家 所以一定要准备点零食 
【环境】水很清凉 而且有好多处都挺险的 很刺激 但是每一处险都离得比较远 一直这种节奏到后期直接让人疲乏 因为这条河很长……"
2395379606,1594175852563,40,不错  很好玩     有点意犹未尽的感觉  就是东西有点贵    比如手机袋最好买了在去
2407348024,1594952354482,30,全程下来两个小时多一点感觉还不错，但是大家一定要早点过去，然后挑天气好一点，太阳大一点，不然一直泡水到最后会有点冷……完全不用担心会晒黑，因为是在山谷里回荡，有些地方水流平稳，走的有点慢，有些地方很刺激！还是很值得去玩一下的
2335209005,1589996997067,40,已经连续三四年去了，真的不错，值得和你的朋友和小伙伴一起玩，下次有可能还会去，如果想去，建议你们在天气晴朗的时候去，不然嘿嘿，除非你们每个人身体素质都很好
2382104067,1593314260928,50,特别好玩，刺激，必须穿泳裤才行。全是落汤鸡🐔太好啦
2413042680,1595278935349,50,上一次来是4年前了，现在设备什么的都挺好的，挺刺激的，也挺安全的，美中不住的就是没吹风机，其他挺好的
2400290906,1594485271411,30,全程路线急缓交替，里程合适，一开始还挺紧张，但是安全到达终点之后，还觉得挺刺激好玩的，不过不会游泳的我应该不想再来一次了
2379391963,1593139688374,50,惊险刺激，全程下来没有翻船😄
2391972881,1593995862767,40,还不错，挺好玩的
2328181355,1589426576935,50,玩的真开心，跟朋友四个人一起去，只能两个人坐一条船噢，每个急流点都有救生员，不过很少会翻船。水流也很急，水缓一点的地方可以拍照。去的时候自驾游，有车子很方便，可以放东西。鞋子有免费的，也可以自己买，自己买比较卫生
2399649987,1594444530207,40,挺好玩的，和妹妹还有朋友一起去的，当时有个孩子掉水里了，旁边安全员很快就救了起来。就是沿路的小吃有点贵
2393244806,1594045590690,40,漂流很长，也很好玩，就是水很凉，需要有太阳的日子才好去玩，不然山里的水很凉，容易感冒，尤其是女性朋友，所以如果要去玩，需要选一个好天气
2381243829,1593306339952,50,太刺激了，成年人漂流最佳胜地
2356392597,1591528729174,10,漂流一会  不让漂流了   走路走到30分钟到终点 心情不美丽了  对这次漂流很失望😞有始无终
2413561110,1595301503058,40,好玩，又的地方挺刺激的……
2342399728,1590505773707,40,和同事一起去的，环境很不错，途中有小商贩可以买东西吃，唯一的遗憾就是漂到一半就开始冷起来了，那里的护具感觉可以换了，有点破损
2336026633,1590072607685,40,就是天气有点冷，蛮好玩的，水也大，真的冷，可能下水太晚了，一点多才下水，后面特别特别冷，还是蛮刺激的，这次觉得比南江大峡谷好玩，去年是8月份来的，感觉5月份水更大，漂流哪里卖的东西价格也不是特别贵，吃点！热的也舒服！刺激好玩！
2409701472,1595065115962,50,喜欢漂流，今年夏天还想要去玩！好刺激，年年夏天都想
2412889217,1595243089519,30,挺好玩的  玩得很👌  大家说说很好
2327419708,1589426910008,50,跟大家说一下流程，第一天自驾游开车下高速，下高速就有酒店宾馆住，吃的就在附近找点吃的。第二天吃过早餐（一定要吃早餐，要漂两小时）大概十点半左右导航去服务中心，不要去漂流起始点噢，去服务中心领装备，领完装备就可以把自己不需要带的东西放到车里去，门票要带着，漂流起始点要交门票。然后去大巴车那里，人数齐了就出发去漂流起始点，大概十一点半可以进去开始漂流，两个人一个船，大概两个小时漂玩，结束点有大巴车把你带回服务中心，整个流程结束，希望对你们有帮助，谢谢。
2405339867,1594789827096,40,挺好的，玩的过瘾，很刺激，但是要注意安全
2409618149,1595092269603,20,不好玩，一点也不刺激下次不想玩了
2405432655,1594782835307,50,激情高过河，醉在镇远城。终生难忘
2318892264,1588684189361,50,太棒了，回头客很多，强烈推荐大家。话不多说看图说话
2400865076,1594533849681,10,服务查 漂流完 湿一身 等了半小时 硬是不发车
2405197672,1594782935553,50,好玩
2395415463,1594107470243,40,第二次去没有第一次这么刺激，但是感觉还是不错的
2399368505,1594467311031,30,"没下雨 但是还是挺冷的
一直在抖抖抖抖抖…"
2391528135,1593861326178,30,建议天气好温度高的时候去，要不然会有点冷
2324918641,1589260150990,40,千万不要这个网上留得地址跟导航，我们就是被带带上游去了，还得找代驾把车开到下游去等。大家去玩，就自己导航，导高过河漂流客户服务中心，这里才是下游。
2389131245,1593790553035,40,【环境】哦哦哦好吧好吧好吧唧吧唧唧哇哇哈哈
2297677943,1586771481011,50,哇哦，第一次去耍和男朋友会贵阳的路上突然想起去玩哈，好刺激还好没有翻船 男朋友非说是我太胖了才翻不了的，但是去的话一定要买好一点或者准备好一点的防水袋要不然手机这些要进水，玩过一次以后我经常心心念念还想再去一次等天气好就可以去
2329988140,1589626092042,50,刺激，感觉激流区比较多，救生员也都准备得比较周全，都是在容易翻船的地方，很幸运的是今天没有翻船。建议组队，叫上几个朋友一起，会游泳的最好。而且最好多准备一套衣服。放水措施做好。今天刚漂完，太累了，视频一段一段是因为估计要翻船了。
2372832457,1592713739013,50,环境不错，设施一般。惊险刺激。安全员也挺有责任心！绝对值得拥有的一次漂流。
2393062071,1593941628307,50,刺激
2382187947,1593271774440,10,自动漂流   划得不畅     加上船没有拍水孔  要自己翻倒水
2388741925,1593791621825,40,好，刺激刺激，下次还去
2380820414,1593186737916,50,很刺激，太好玩啦，强烈推荐，就是到后面会有点冷，。
2380926137,1593271926840,10,不行   水流不行   需要手动    急的太急 浅的太浅
2382027446,1593311198865,50,刺激得很，喜欢刺激的值得一去。
2373503963,1592713653240,50,环境不错，设施一般。惊险刺激。绝对值得拥有
2319399787,1588701988647,50,确实挺刺激的，每个激流段都有救生员守着，很安全，只要别自己翻船碰到石头就行，等天气再热一点还要去一次，就是有一个小问题，自驾的话，最好别开车去起点站，得找代驾把车开回去服务区，先把车开到服务区，再坐景点的车去起点站，这样漂流完以后就能直接坐车到服务区开车回去。
2319705086,1588738329754,50,很刺激太好玩了，五一节去玩的，因水量小了容易碰到石头，我的屁股和腿都被撞青了，建议端午过后水量大了去玩，绝对刺激而且不容易受伤。强烈推荐。
2315602340,1588486184453,50,憨憨滴我，本来是这样的🤓然后由于我的憨憨行为变成这样了😑（眼镜掉河里了）然后兄弟们帮我捞了很久也没找到😥😥😥，然后这个帅叔叔(工作人员）来啦帮我下水轻易的捞了出来（崇拜崇拜），举手之“捞”，i了i了😘😘😘，这难道就是男神吗？？？
2351824370,1591186174990,10,救生员太少了，我跟我女朋友翻船了，我本来不会游泳，都没人救我，才好有一个漂流的大哥用手牵着我了，不然真的会出事
2374095857,1592811775981,40,刺激
2369718664,1592440788037,40,，很适合和女朋友一起
2331293656,1589705915859,50,好以前几乎都没有认真评价过，不知道浪费了多少积分。听说评价超过一百个字有送积分，基本上每个星期都会光顾，统一评论，淘宝购物实在是太方便了，根本停不下来
2367870180,1592314851841,30,很不错，全程没有翻船，很刺激太凉快了😂
2318820628,1588732858584,50,好玩的，也算刺激，比桃源河的老年漂好玩多了，劝大家11点开始漂，要不水太冷了
2364860970,1592052921022,50,很刺激！回来被摔成脑震荡了！值得冒险
2314199829,1588412880369,50,真的很值！刺激！连续三个小时！推拉
2337997543,1590129825091,10,都掉水里面的，船都翻了，都没人来拉，而且都受伤了，说不坐了，走下去，结果就人把我们放旁边去，他们还说必须买东西吃了才送我们到旁边去走路
2356444487,1591434346720,50,很刺激，全程大约四个小时，会游泳的话，可能会玩得更开心🥳！
2328981338,1589527510520,50,玩来玩去还是我们黔东南最好玩，高过河刺激但安全，每个危险区域都有安全员在一旁，且旁边还有走道如果不想漂了还可以去走，每年夏天都去两次～好玩
2360406415,1591751355787,30,很刺激 皮肤都黑了...........
2331530888,1589693601969,20,总体还可以全程蛮刺激的环境也还不错，只是有时有些人工垃圾看着很煞风景，工作人员的服务极差，所以打个两星
2347665692,1590903435160,40,很好  比南江大峡谷的好玩，刺激，推荐 我们是去年7月份去的  水量可以
2320641440,1588853634173,50,很有意思 惊险刺激好玩 最后一个急流的地方控制不好会翻船 但是安全系数还是高的 穿有救生衣 戴了头盔和护膝 玩的很开心 觉得开车这么久值得了
2353164553,1591315705735,40,可以 ，挺好玩的，就是到后面有点冷
2321828954,1588948298934,50,很不错，物有所值，从一点半漂，漂到了四点半，中间还有烧烤，就是这个时候去水还是有点冷。在危险的地方还有安全员，还是比较有安全感。😃适合人多去玩，有意思！！！！！！！！？！！！！！！！！！！强烈推荐！
2347164483,1590840354303,50,真得很好玩，是一个你去了一次还是再去的旅游景点。
2331436272,1589705898526,50,以前几乎都没有认真评价过，不知道浪费了多少积分。听说评价超过一百个字有送积分，基本上每个星期都会光顾
2337484554,1590129894565,10,其实总的感觉挺好的，就是船翻了人都受伤了，那些人还半天不过来救人，还在哪里笑
2347260177,1590906955534,50,超级满意，第二次，爽歪歪，难忘
2325568104,1589240366819,30,整体还可以   水也干净  就是太凉了   大太阳天背光的地方水很凉    要去一定要选择天气热的时候去
2347040990,1590815074906,50,还好，服务态度不好。。
2339068641,1590248796286,40,很刺激，蛮好玩的，在最后一关翻船了。有机会还想去。
2334567924,1589956279951,50,不错的，这期间性价比也高，赞一个
2339584663,1590222276403,50,非常满意下次还会去的很好玩
2338245072,1590222290093,50,真的是超级无敌好玩
2339649454,1590287938601,40,很刺激
2328071950,1589427037993,50,自驾游，平均消费350，包括住一晚，门票，吃用，当然还要100公里的油费
2331206120,1589677747654,50,可以，水很清，凉快
2318795832,1588738733364,50,太好玩了！比杉木河 南江大峡谷的好玩得多 但是不适合带孩子
2330478403,1589624100350,30,最后一个坎，太歹毒了啊啊啊啊啊啊啊
2319147020,1588762387049,50,那个危险地区都有工作人员和救生员，就是玩的过程受了伤
2325092860,1589235195095,50,【环境】最后还蛮刺激的，下次一定还去
2322205739,1588937694216,40,还是不错，水比较干净，比较刺激
2324602343,1589100000292,50,很刺激！超棒！
2321803937,1588939156670,40,很不错，五一还打折了
2315330357,1588497431121,30,风景不错 可以的，大家玩得很尽兴，服务态度也特别好哦
2321406279,1588843997571,40,漂流有几个激流，挺刺激的，值得一去
2315822117,1588514971555,20,时间挺长的，有点危险，船翻了，腿上好多擦伤。
2318056036,1588664661823,20,不会游泳，急的地方也没有人救援
2317141324,1588600135989,50,好玩第二次去了。
2302805693,1587430977018,20,环境还不错，就是安全不好，容易受伤，关键是受伤了还没有专业一点的医生和药品。
2315900516,1588501297984,50,好玩。
2311162905,1588182924374,50,太刺激了
2308862030,1587884816843,50,值得一去，很开心
2307501575,1587727241125,30,感觉整体是好玩的，就是水有点冷，哈哈哈哈。
2304856731,1587544235160,50,最难忘的一次漂流，有生之年还会去的
2298166551,1586833083185,40,风景忧美，去过两次了还想去
2291533560,1586321886101,50,非常好玩。下次一定要去的
2289820561,1586171260631,50,非常好👍
2289763294,1586049824665,30,还不错  去玩过几次了，夏天来了很不错嘞
2285620935,1585542687683,40,每个危险地段都有救生员，夏天蛮好玩的
2286286644,1585739790897,40,超刺激
2280139138,1584853694494,30,漂流很刺激，下次再也不带手机了！
2272649619,1583738241202,30,人很多，不过感觉很过瘾，好玩。。。。
2218783174,1576615674915,50,水清澈，凉快。就是遇见暴雨。冷嗖嗖的。还不小心翻船了，安全员扑通跳下来就我了。是我玩过最刺激的漂流了，不妄开车六小时呀
2270429252,1583393842018,50,一定要跟爱的人去一次，挺刺激的
2152961611,1571499356264,50,很推荐玩，10.1假期去的，当天气温33度，水温估摸20度左右，还是有点冷，听话！一定要穿长袖长裤！一是保暖，二是防晒！真的！我以为在山里太阳不怎么照得到结果摘掉护膝晒得黑一节白一节，膝盖像是另外接的！刺不刺激看个人接受程度，每个急流点都有1～2个救生员，穿好救生衣翻船不要慌会有人救的，我是遇急流没及时抓紧差点点翻船了，个人觉得票价很值，沿岸的吃的味道一般，不要相信老板说的往后全是激流没有吃的的屁话，全程起码有四个卖吃的，鸡腿10元/个的普通景区价，一定要买瓢，不管是舀水还是泼水都很有用。
2135109865,1570204277702,50,总体来说体验非常不错，自己开车去比较方便，所有一起票价220，河道挺长的，漂了差不多2个半小时，中间卖东西的挺多的，漂饿了可以吃东西，去的时候天气不错还不冷，漂流河道挺刺激的，适合情侣或朋友、家人去玩，有的河段比较险，小朋友得下船走过去，基本上河道惊险的地方都会有安全员值守，漂流一路上风景也不错，不漂也可以走路观光，最后一公里的地方有个比较陡的地方容易翻船，不过都有工作人员蹲守。今年想要的话可要趁早了，国庆这几天天气还不错，后面就要开始冷了。最后总结:这次漂流太刺激了，一路上都是杀猪般的尖叫，明年夏天再去玩。
2136103028,1570269706031,40,建议卖小吃的地方卫生弄干净一点，本来是想吃点东西的，看到那个卫生环境，只敢吃桶泡面了，还有就是路还是有点不明，我们导航走错了三次路，好不容易找到，结果还是找错了 ，朋友们要倒到高过河漂流游客中心才是对的，不然还是得跑回去，不过十月份的天气，人不多，刚开始有点冷，后面可能是适应温度了，就不冷了，服务也还不错，总体来说，大赞，下次还是会去的。
2253070211,1579273110561,50,高过河漂流是2019年国庆带着小孩一起去玩的！非常惊险刺激，好玩！夏天强烈推荐的游玩项目！
2252284281,1579273008630,50,高过河漂流，惊险刺激！个人认为是贵州最刺激的漂流！强烈推荐！今年夏天还要带孩子去玩！
2257803930,1579852254361,50,我是好同志啊，我是好同志
2137901539,1570359978785,50,难得选了一次跟团游，体验感相当优秀，349团导游小姐姐贴心指引，带着我们一起游览了天星桥，大瀑布，陡坡塘，全程亲切无其他消费，很开心。祖国大好河山的鬼斧神工不得不让人惊叹，波澜壮阔，神清气爽。今天碰巧天气给力，在太阳光下折射后的彩虹耶显得无比绮丽，放松自在
2247520386,1578740447009,50,此次漂流一路风景好、漂流刺激，值得一游！
2081836403,1566049701936,10,从到了售票中心第一感觉停车位不够 进售票大厅特别热没有空调 工作人员都没有统一服装有事咨询都找不到人 服务态度差 在美团上面订的票去自助取票机取票排队都要1个多小时 自助取票机只有2台 而且有一台死机了没有人及时来处理 建议大家可以拿身份证去售票点买票不要订美团了 取票超级慢 去取装备的时候又挤 护膝也没有 鞋子有免费的 也有要钱的15元一双 等车去起点的时候排队1个小时 车又少人又多 真是无语 到了起点纯粹一团乱 没有船都在抢 而且没有安全措施下船的人直接丢船下来游客自己抢了拿去打气 回来的时候也是排了一个小时才坐到车 反正就是差评 不值220元 买水瓢3元和水枪10元可以在起点买都不贵 小吃鸡腿10块排骨15 矿泉水5块 漂流总体来说也不是那么恐怖都是小急水 到下午3点开始漂水就特别冷没有太阳晒了
2094426103,1566891088736,40,一次漂流 体验感还是挺棒的 个人觉得没有这么惊险(只有几处稍微有些落差 ) ，我们是自己开车去 很方便 直接可以开到大厅售票处 有两台售票机（有点不够用 ）取完票就去领救生衣和头盔 护膝自己拿（太多人用过的原因有点脏）完了就排队坐个15分钟左右的巴士到漂流景点 1.漂流的时候一定注意不要戴贵重物品（比如手链 耳环 项链等）2.防水袋除了装手机带上现金也很重要 手机有时候会没信号 而且漂到中途一定会饿 中途岸边都有卖一些小吃和姜茶 现金会用得着 3.至于水枪 防水袋 水瓢如果有的话自己带着去也行 emmmm那边卖的防水袋质量一般 4.稍微有些不好的地方就是：漂流完去大厅淋浴处淋浴没有热水  里边总的来说分两间 一间放物品虽然有小格子但是也没有门没有锁 一间淋浴的地方虽然是隔着的但是没有门 （淋浴换衣服的时候有些许害羞）洗发水沐浴露也得自己带    我们是8月24号去的 漂到下午五点钟就开始冷了 上岸有免费姜茶记得喝哟 这次和小伙们去玩得很开心🥳😃
2227222224,1577263141131,50,真的超级好玩超级高兴，下次一定还要来玩。
2127159964,1569654518106,30,我觉得还可以吧，不过真的有点冷，而且安全保障工作还是不太够，手机没信号。和男朋友去的，他玩的很开心，我都要死了感觉，特别害怕，他还说下次要带朋友一起来。不过最受不了是工作人员态度，特别是在漂流途中有一个工作人员超级凶，还用棍子敲我们船，本来人就很多，很嘈杂，听不见也很正常啊，真的态度太差了。
2221628602,1576826653976,30,"【交通】
【餐饮】
【项目】
【环境】都还可以"
2083127165,1566189714393,30,"1:（百度地图）自驾游的选择地址是高过河旅游服务中心
2:没有美团说的那么惊险（之前看了评价，搞得我不想去），自己实践才是最重要的，不要道听途说。属于个人感受
3:买水瓢是有道理的，坐一会儿你会看见水漫过你的腰（最好买大的）
4:一路有烧烤，人均30――看个人――看个人
5:有人在激流时翻船，一定要注意安全
6:漂流有无限循环小白鞋，个人建议自己买一双15，景区有，景区外有（记得杀价）
最重要的一点（早点去，不要拖拉）
7：救援人员保护不到位，有待提高。（漂流的时候自己抓好皮划艇两边的索，保持平衡）"
2204530082,1575448542015,50,很刺激，值得一玩，景点周围配套设施还不够完善。
2205907436,1575639462281,30,还可以 好玩 明年又约朋友一起去 好好玩哈
2205806461,1575639496219,40,好玩 还算可以 明天还和朋友们一起去👍
2079190727,1565832139493,50,安全配值景区都配有，若要穿自己的鞋，不能穿拖鞋进场。主要建议是防晒，水流有急有缓，漂程2.5小时，沿途都有安防员。两岸商户的美食尽可先享用后付费，因景区没信号，留下电话加个微信，有信号再付，为相互信任点赞
2124470246,1569426654595,10,【交通】特意打电话询问摆渡车的往返情况后才赶时间前往的，结果：只有单程的摆渡车了……多花了150块钱赶回出发点……既然摆渡车有时间限制，为什么不告诉相关工作人员？还误导消费者前往……现在想起来还是气愤……外省来的游客会留下怎样的心里体验呢？既然是服务行业，就要把相关工作做好，而不是把我们往美团上推……说什么往哪打的电话，就去找谁……真的无语😓
2188586848,1574337207356,40,刺激，好玩。
2186414631,1574080826083,50,就是去的季节不对  有些冷
2179255253,1573651292499,50,我们一起去玩的，9个人？都是两个人   我一个人漂  伤心💔
2068167028,1565068388082,50,很好玩。刺激得很。不妄我们开车来回八九个小时的路程。玩得很开心。去的朋友最好长袖长裤。漂到最后的时候水真的很凉。冷得打哆嗦。漂的过程晒不到什么太阳但是可能紫外线比较强吧！还是有明显晒黑的痕迹
2170406226,1572927468047,50,好玩，一定要买装手机的防水的袋子，我们玩得太嗨了，六个人五个手机进水，一个手机报废😂.....
2079485998,1565866385996,50,镇远古镇自驾去高过河漂流，按百度地图指示下午2点钟就开到了高过河漂流起漂点，卖票的说漂到终点没有游览车下来取自已的车了，找代驾开到终点站又不放心，自己开到终点再坐游览车回到起点最少一个小时左右，太晚了，最后找了一个车把我们的换洗衣服送到终点站，漂完后再送我们回到起点取自已的车120元，高过河游客服务中心、起点、终点设计的太不合理，没有去的人不走错路就奇怪了，镇远过来朋友下高速记得左转车停在游客服务中心，再坐游览车到起漂点，穿长衣长裤，护膝、鞋子、安全帽景区都有送，买个质量好的手机防水袋，偶尔照一照片摄个影也不错的，多少带一点现金、河边买东西微信没信号，记得买个水瓢，一个浪你的船就进一船的水，漂流很刺激、1米4的小孩后半段禁止漂流。
2074191011,1565498574781,20,设施还行，不过那些防护用具，用的人多了，有些赃，漂流过程很刺激，希望新手注意那些要给你充气或者倒水的人，有的人是强买强卖，如果你身上没钱，建议不要理会这些人，上次我和盆友去玩，有个人把我们拦住了，问我们要不要充气，我说不用了，然后那个人就一个劲地朝我和盆友的耳朵里呲水，当时有点生气。还有，进入激流区一定要抓紧船两边的护栏，不然可能会翻船。
2070745593,1565260251957,50,澄清」看了评论去的心里慌慌的 然鹅真实体验是：不冷 不急 不晒？不冷可能是因为穿了防晒衣，建议大家都穿长袖长裤比较保险。刺激程度的话，我个人感觉还好，每次刺激完一段都有一段平稳的河流把水瓢出来，全程也没翻没受伤。不晒，好多人说漂完黑了一个度，然而全程还挺阴凉的，反而还被水漂白一个度，耗时比想得要短，漂了两个半小时。然后呢 有人说岸上卖水枪的人射水好烦，我却觉得他们笑得好可爱哦 hhh（昨天下了雨今天水比较浑）
2137968517,1570415091425,50,舒服，刺激。跟女朋友一起，很开心
2090529531,1566663604825,50,漂流很刺激，很好玩，特别是人多的时候，人多打水仗还互相拉船，船不动的时候，个人觉得人多的时候真的很好玩，不用担心翻船没人救，船不动没人拉、就是感觉景区有点坑，对于不是自驾的，真心坑，存包一个柜20元，排队的时候人超多，也没人维持秩序，就让这么多人自己挤，那种挤真的是谁挤谁厉害，直接可以挤成肉饼的那种，天气又热，排队挤这一段真的是让人无语、、、漂流到下午六点，这么大的漂流旅游区，这个点竟然没有回镇远的专线，只能包个车150，一分不让，景区内的东西都是以5的倍数售卖，最低5元
2173101865,1573130601862,50,明天9月，我一定还会去的😂
2173089062,1573130576162,50,我只想说我明年还回去
2073088069,1565431801441,50,对于我这种唉刺激的都吓得叫起来，非常好玩，就是有几处船太多，导致翻船，擦点淹到游客发生事故，其他体验都不错，带娃娃的就最好别来，好多段水域是小朋友不能下水玩的，要上岸
2166680504,1572657240054,40,从那边回来后没多久就分手了哈哈哈哈
2167650353,1572751452462,30,还可以，就是有点冷，不晒，挺开心的
2056611732,1564207174002,10,五星景区，居然是这种秩序，全部挤在出口厅，一个挤一个，全部站满人都只开一个窗口检票，工作人员也不会维持秩序，最可恶的是一个穿黑色衣服戴眼镜的大叔（里面的工作人员）居然还对游客破口大骂，素质低下，花钱排队蒸了两个小时桑拿，一分钟的路程，我们居然和其他游客推推搡搡的走了两个多小时，秩序太乱，工作人员素质低下，也找不到一个景区可以管事的工作人员，全部乱套，这是一次最极差的体验，希望其他游客慎重，希望景区有关部门领导重视这个问题
2135556466,1570251853455,50,漂流之前、车子误入去了起点！赚外快的司机都很友善提醒 服务台的小姐姐乜非常友善 耐心解答！尤其门口那个烤排骨让人流连忘返 好吃 好吃 好吃
2160316718,1572087641741,30,可以  还是很长的   刺激的地方还是有几个的  漂了两三个小时  来的时候是九月靠后了  冷得要死
2082435498,1566092091173,40,全程刺激，好玩，过瘾。。。女生最好是和男生一条皮艇安全一点，从起点到终点三个多小时，是周末游玩的好去处。。。但是在最后一个站点可以吃东西打气的地方，想打气必须要消费满15元才给打气，这是什么霸王条款，商家还说他家已经做生意有五六年了，也不知道有没有人管，给高过河都丢脸丢五六年了
2053193248,1563927699613,20,"镇远高过河漂流，除了打水仗之外！没得刺激感得！[囧]票价还贵218（含往返大巴车，去要坐车，回来的时候你都冷得打摆摆了，还只有穿起湿衣服坐车回游客中心才能换衣服，回程还要中巴转大巴[抓狂]）也就比其他漂流多发白网鞋➕护膝而已！小姐姐我还是漂过一些不同漂流的，第一次遇到漂流船底部是不漏水的，怪不得高过河漂流到处卖水瓢！[抠鼻]还要发一个棒棒，因为！船灌了水你要舀，舀不赢还要靠岸边把船翻过来倒水！一路上要用棒棒撑！不然你就搁浅或打转转！所以，一个船啷个都要配个小哥哥！除非你是女汉子[擦汗]
最无语的就是，去高过河漂流在羊场高速路口下道，一左一右的一个路口，导航导的散客取票中心，然后就右转➡️开到了，是可以漂，但是车子就恼火了！停车的地方有人就来给你说，你去漂，请代驾一哈给你开到停车场去，100一个车！关键是你去漂嘛，肯定衣服包包都放车里吧！（不安全撒，对吧！）所以，我们选择开回去游客中心那里！我想说，路口那里你标清楚一点，左转⬅️高过河漂流游客中心嘛！"
2156782005,1571907247601,40,对的起这个价格，对我喜欢刺激的人来说全程就跟风平浪静
2137268586,1570323819366,10,救生员像没事情一样，看见翻船了下面还是激流就只站在石头上面喊，服务态度太差了，不只我一个人，我们一起的8个人都翻过，没有下来一次！太差了！！！
2084972711,1566223238340,10,很糟糕的体验，人超级多，发放设备都是一顿哄抢，没有秩序，说好的排队到最后就是看谁抢的厉害，工作人员没有安排好，态度差，在漂流过程中，激流部分有人翻船了，工作人员慢悠悠的过去救人，看着很恐怖，水很冷，漂流过程中难免磕磕碰碰，还有会遇到船漏气，心情很好的去最后变成后悔去😞
2152013228,1571495166153,50,第一次玩漂流，很久就想玩了，来镇远一定要来玩玩，是值得推荐的地方。
2152706880,1571541784414,20,设施一般，鞋和护膝很乱，不知道湿的还是干得
2149059461,1571285479362,40,太好玩了，很刺激，但是不会游泳的朋友还是要搭配会游泳的，要不然还是有点害怕，但是超级好玩的！
2078924575,1565866166845,50,真是比较惊险的漂流了，我们的船翻了一次，幸好救生员配备比较到位，马上就捞出来了，漂流全程大概一个多小时，比我预期的短，整体还是很推荐了，记得买勺子！
2058675057,1564385717707,10,最大的感受就是：管理非常垃圾落后                                                                                           1.交通。非常不方便，自己开车去了之后，坐专门的观光车过去，并且排队的地方要有多乱有多乱，排队可以排非常多列，到最后只有两列检票口。回来更奇葩，要转两次车才能回到停车场，就这么湿着衣服在那排很久的队。            2.救生员救援不到位。有一个地方，只要有三个船在一起，必翻。我们的船就是硬生生被别人怼翻的，被船盖着起不来，那种感觉真的太可怕了。翻了以后救生员并不能第一时间救到你，全靠自己扑腾，那么危险的地方为什么不限流？3.医疗措施是一个非常搞笑的存在。就在那个不停翻船的点，如果你不能马上被人救起，你就会随着激流冲下去，非常危险，我男朋友被冲下去二十米才被人救起来，膝盖胳膊受伤严重。那个点受伤的人非常多，但是没有医疗点，得自己走1km走回终点才可以做简单的处理。垃圾非常垃圾！没有比这更垃圾的漂流
2146870892,1571102464713,10,人太多，安全员太少，漂流时落到水连救生员都看不见，服务也不好，
2067372082,1565006851023,50,这次漂流非常爽，，很刺激，也玩得很开心，，高过河漂流，全长5.5公里，近三个小时的漂流，，，，数不清的陡坡坡和激流，很刺激，很凉爽，，这次旅行非常值得，记得漂流的时候穿长衣服和裤子，以免晒黑。。。。哈哈哈哈
2077458951,1565687586083,30,漂流确实不错，不过提醒大家一下几点，里面的信号很差，只有电信可以用，所以最好是带点现钱，租柜子是20块钱一个，还有防水袋前门不要用景区门口卖的，或者是他送给的那种，都不防水，两个手机都有进水了，还有就是拖鞋，人字拖是不能穿的，因为肯定会掉，不过里面有卖专用拖鞋，15快钱一双，也有免费提供的布鞋，不过是湿的而且很脏，建议大家穿长裤长袖，水还是有点凉，而且皮艇勒屁股
2081243353,1566041960245,30,漂流还是挺可以的，水质也还行，就是时间太短了，如果中途不停下来吃东西的话，估计一个小时也漂不了，周末去的，把车开到起漂点，然后请的代价开回游客中心停车场，这样的话可以不用排队，从贵阳过去三四个小时，漂了不到两个小时，有点意犹未尽的感觉
2083550302,1566133334588,50,"很好玩⊙▽⊙漂流很刺激！中途的姐姐还赊账给我们吃的了，没有网，微信支付不了
下次还去，多一点人去更好玩了
很好玩⊙▽⊙漂流很刺激！中途的姐姐还赊账给我们吃的了，没有网，微信支付不了
下次还去，早点去玩更加进行了"
2059548978,1564446910991,20,设施一般，即使是在七月底的大中午，高过河的水也非常冰，第一次觉得这里的漂流怎么这么长，水打在身上冰得很，感觉很冷，老人和小孩确实不要去，确实非常刺激，我们在快结束时翻船了，当时很害怕，虽然救生员第一时间救了我们，但还是体验了一次，翻船的感觉，最讨厌岸上推销水枪的人，故意打水在游客身上，都已经说了不买，还是要喷你的水，上游一路上推销水枪的都这样，非常反感！
2095777189,1567076526754,50,虽然翻船了 但是还是特别开心
2149095558,1571286521317,40,舒服
2148477580,1571224665642,50,暑假必去之地！爽！
2140156706,1570489150879,50,大爱无疆睡觉觉四十惊声尖叫就是就是就是
2135481155,1570199537087,50,水比较冰，但是还是很刺激。推荐，自驾游更好
2066154509,1564894537514,50,"第二次来此漂流 第一次由于下雨没能漂全程 这一次为了弥补上一次的遗憾 很庆幸这次漂完全程 全程嗨到爆 一路都有吃东西的地方 但有点小贵 一路都会有商家说你的船气不足 在他那里消费免费帮你打气 没有强制消费 全看个人意愿 
船一定不要选分体式的船 否则到急流滩会进水 里面的气垫也会漂出 所以一定要选一体式的船 这样也方便你拿勺子舀水出去"
2093659935,1566905656219,10,花了钱 就应享受到应有的服务！透明消费大家都能接受，划的船既然有问题 就别继续使用。使用过程中漏气是不是应当设置充气点？ ！ 我们同行三只船 充气9次 充气还需要收费！漂流10分钟 充气1小时？ 我消费我能接受 充气收费！ ？ 你直接票价改成300不就行了？
2136453027,1570271332128,50,很刺激，值得推荐
2079539765,1565946095954,30,水真的是冰凉，老公被冷的只想晒太阳
2080289517,1565945899915,50,好玩好玩好玩超凉快也不晒🥳🥳🥳
2083145274,1566142536761,30,漂流路线不错，但是我们遇到了今年人最多的一天，我们是在网上定的票，取票机就两台，取票排队，领装备人多，而且还得等，差不多半个小时，坐景区观光车，排队，下车还要排队检票一两百人排队，检票进去没皮划艇，又得等，最后弄完快5点，漂到最后都差点冷感冒。
2112375234,1568346817085,40,很好玩，就是人太多。。。。。。。
2128786733,1569744895433,30,还行吧，漂流用了三个小时，人太多了，堵
2073391847,1565397241793,50,设施齐全，急流的地方有护航员，整体很刺激，沿路风景很美，是漂流的好地方！
2067626916,1565005727554,40,真的是太刺激了，停车很方便
2119897139,1569022316049,40,还不错，里程挺长，也很好玩！
2064377508,1564792520930,50,好玩，非常刺激呀。
2077485911,1565676994836,10,超级垃圾的景点，为了钱已经没有道德底线，已经买过门票，但是因为没有把车开到起漂点，而不是游客服务中心，终点站返程只到游客中心，所以如果再到起点的话需要重新购买每个人20元车票。这样的规定我只能佩服。
2120793127,1569040410244,50,很好玩，挺险的，水流很急，适合几个人出去！
2050750072,1563715686036,40,挺好玩的水清  很多人
2082505758,1566082740732,10,爆仓。二点到五点漂。人满为患。服务扱差。没有应急方案
2091640010,1566725032903,40,漂流很满意，刺激，好耍。中途可以吃土豆，小豆腐，烤肉等。但是建议改善一下回来洗澡水太冷了，而且没得电吹风。这个真的太不人性化了。
2093877409,1566894906397,50,很好玩呀 和闺蜜 男票一起去的 水很冰 但是很刺激 大家都说这个最好玩最刺激的漂流 没有之一 其他都是奶奶漂 第一次漂流 很满意 嗓子都沙哑了 好好玩
2118335468,1568932986855,10,真不刺激，后悔死了，基本都在划船
2112070895,1568346895468,40,可以，就是人有点多，大夏天，漂流下来会冷得瑟瑟发抖的，哈哈
2117499181,1568797364138,50,漂流真的很刺激，很好玩，虽然翻了船，也很好玩
2081937203,1566054842544,40,环境和水质还可以，没有人工垒砌，所以刺激度相对次了点。第一次漂船没洞的，容易翻船，而且有慢性漏气，所以只能沿途加气，没有换船的地方。周末去的，不需要等太久
2115749374,1568611048347,50,非常好非常好👍
2065855490,1564833778111,30,玩的还不错，路途都有人给你倒水和打气，但女生一定要保护好自己，我就遇见一个中年男的主动去扶起女生趁机占便宜，非常恶心，特别提醒后面去玩的人，注意保护好自己。还有后面的瓢，会有很多人叫你送他，然后就送了，但送了之后就后悔了，自己买的咋就给别人了。。。
2111352276,1568335729585,50,可玩性高，比较刺激！就是浴室水不够热！
2106258889,1567905237605,30,设施一般，鞋子到处都是，护膝一样，湿的，干的，混乱
2106360912,1567905178989,30,感觉设施不是很好，穿的鞋，乱七八糟，还有护膝
2067185369,1564996749685,40,还不错，可以漂3个小时，沿途有卖吃的，但最好带上现金，因为开始漂流后就没有信号，手机支付基本不可能。最好选择中午开始漂流，太早去的话会很冷。同样也要做好防晒，不然漂流结束后直接晒黑好几度
2105226132,1567818811792,40,终点能够洗澡就更完美了，比较刺激，危险的地方都有救生员
2085048111,1566271780108,10,高过河漂流，千万不要拿漂流过程中卖东西的渑子，拿了，不买东西就把你船推走，让你继续飘，问题是，我的船已经满出来了，不让我倒水，无良商家！
2096830745,1567164174229,10,"漂流过程很享受，但不足在于漂流后更衣室很差！脏！乱！差！没有维护人打扫，一片狼藉。
【环境】"
2107283618,1567905276639,30,设施一般。针对漂流来说，已经很好了
2072384214,1565359898706,10,漂流皮艇漏气了，沿线没有景点免费加气的，必须消费了才肯加气，身上没带钱，就只有走路到终点，景点无工作人员帮忙解决问题，就这样我的220元钱打水漂了，心中一万只羊驼
2092808713,1566872238630,40,挺刺激的
2110500133,1568264601761,40,好好
2079209139,1565868172050,50,漂流很刺激，惊险不段，水有点小冷，水质好，下船后设计的不是很好，要做游览车、还要中途转车才到游客服务中心才能换干净的衣服。
2095722808,1567070598006,30,相对其他地方，还是比较刺激，有些河流还禁止小孩漂流，安全性还是不错
2099191661,1567300212873,50,除了有点冷，其他都还可以。。
2093769997,1566894362794,40,服务非常满意，高过河漂流也很刺激，朋友说明年又去。
2100540956,1567414486426,50,很刺激
2075145639,1565512260900,30,一如既往地刺激，每年避暑的好地方
2081344692,1566042049423,30,还有就是和之前看到的评论完全不同，没有感觉评论里说的那么吓人，有那么危险吗，确实是刺激，但是危险还不至于
2095724951,1566983523989,50,好玩好玩  非常刺激  已经去两次了
2070026163,1565176927854,40,很好玩，但水好冰，中午有太阳好的哦。
2081506437,1566049757347,10,卖了6000多人的票 像下饺子一样全部都在抢船 无语 不值220
2081490220,1566062609321,10,救生员除了最后一个地方，其他地方都没有，今天翻船，差点命交在那里，
2093032197,1566879939969,50,还不错
2085408839,1566270618435,10,客服不理人，大家不要指望这个客服解决你想知道的问题。
2093820918,1566906531153,50,很棒
2088555888,1566557754862,30,还可以哦 就是难的排队取票 排啦好久
2086004944,1566376451245,30,还不错，比较刺激，比较适合年轻人去！
2084669050,1566270460376,10,千万不要网上订，比现场贵20元，而且客服超拽不理人
2082500353,1566099353181,40,很刺激啊 第一次漂流 没让我失望 三次差点翻船 哈哈 很刺激
2063584914,1564742808846,50,超好玩🎀
2090090174,1566621024442,10,别去别去别去别去别去别去别去别去 差点死在那里
2089767561,1566645365704,40,很好玩，
2084121585,1566270532812,10,客服垃圾，不理人，很生气😊！
2081602949,1566054606915,40,"环境★★★★★
水质★★★★★
服务★★★
刺激★★★
船   ★"
2084841320,1566270650662,10,比现场买票贵20，不要网上买。
2084620817,1566295913326,50,很好很刺激！
2084372633,1566270724119,10,被客服气死了，被客服气死了，，，
2059560121,1564447245750,10,管理垃圾，岸上推销水枪的人非常恶心，故意喷水在你身上，又冷得很，票还贵得很，那种地方不会去了！
2072700726,1565403774612,50,很刺激，好玩，明年一定还会去，强烈推介一个漂流的好地方
2070891108,1565254516001,50,每年都和朋友去，很刺激。强烈推荐
2070460340,1565238103569,30,挺好的，对于男生就是不够刺激，对于女生可能是很好了！
2070992963,1565254474591,50,朋友一起去的，每年都和朋友去，
2073279626,1565413540325,10,还不让我们上车   还骂人 这次体检太差了
2069353050,1565150266870,50,跟老公还有朋友一起去的 强烈推荐激情漂流
2072128185,1565358485431,30,很不错，比较刺激，水很干净，就是有点冷。
2070628178,1565254447149,50,好玩，每年都去玩…，推荐推荐。
2069962481,1565232712172,20,安全系数还不够强，希望管理中心再努力努力。
2053196688,1563937312846,40,我们漂了差不多三个小时      要    第一个船刚走没多远就被我脚踢漏气了   好在回来从新拿了一个全程还是比较好玩的
2073689932,1565498317541,50,还是比较刺激
2069336853,1565176358929,30,非常满意，只是那天下雨，有点冷，有太阳就完美了
2072566619,1565364800856,40,激流勇进，不错
2016710279,1560945647172,50,刺激
2068809429,1565150227569,50,喜欢刺激的可以去 全程一路都是刺激
2066307965,1564930590584,40,人多次序有点乱  有待提高 好玩 推荐
2066352838,1564926624548,50,真心不错真心不错，比较刺激，而且刺激的地方比较多
2059531945,1564447420488,10,下次不会去这种垃圾地方了，管理又差，船又漏气，水冰得很
2069929432,1565184213878,20,有点冷，其他还行……………………
2066662592,1564930290940,40,水清 浪险 很刺激
2063616530,1564744338255,50,好玩 一路高歌
2059277250,1564329632830,50,太安逸啦，下次还要去玩。
2063905941,1564796406705,50,还可以，
2058807368,1564329643751,50,太棒了！
2053740718,1563937162124,40,"值得去体验一次       水比较凉漂到后面有点冷
有几个比较刺激一点的急流"
1997684659,1559371061298,40,"【交通】有点一般，路不是很好
【环境】挺不错的
【项目】还可以，是有点刺激，友谊的小船中间翻了一次，经常进水，后面都懒得倒了，在水里面泡了好久。不过水还是挺清的！
【餐饮】吃东西的地方不少，但也就那样吧，可能是自己没找到好吃的，不过价格也还算合理。"
2037421197,1562648702378,50,天气较热的时候去玩会很爽哈哈哈
2004727643,1559985346521,50,很好玩，飘了四个多小时，途中吃的东西一般，但是不吃会很很难受的，所以一定要带钱，有机会还要去。第一次飘，不会游泳，全程抓紧皮艇，就不怕了
2004701496,1559987824073,30,今天早上下雨   涨了水    被工作人员哄骗说只有八百米不能漂    结果漂下去MMP哟   差不多两公里漂不了    但是还是挺刺激的   护航人员很给力
2019580309,1561280402995,30,很刺激 就是需要大热天再去  取票没有自助机 麻烦
2019963408,1561280446284,30,人很多  取票不方便 感觉不是很安全
2017361714,1561099241387,30,吓死了，掉入到水里面，喊救命没人回应。
2020383793,1561348790797,10,救援不及时，毛巾都没有一张
2012657878,1560667427250,30,新修的，设施可以，就是从景点返回镇江比较麻烦
2012613285,1560667376005,30,不错哦，就是从景点回镇江车不好搭
1996425420,1559309040778,50,超级刺激啊但是记得防晒哈哈哈水质也特别好
1956575032,1555766679124,20,每年一次，很好玩，不要让小孩老人去就行了，小孩还是去杉木河漂流号。
1960141612,1556177448267,30,太黑人了，去的那天没太阳。好冷哦
1955152082,1555675342893,30,还可以，就是水流速度太慢了，行程有点长
1952196237,1555291344168,30,体验感还可以哦 就是购票需要排队 好麻烦
1897356042,1549561202245,50,玩得超级爽！刺激！
1930549314,1553077108224,50,还行
1928344502,1552901675635,40,不错，五星好评！
1928315551,1552901645597,40,不错，五星好评！
1928272486,1552901218148,40,刺激，惊险，好评！
1901113646,1550030452524,10,挤得要死了，早上10点排队，下午5点才开始。就在大门外随排，说进去没船不让进。排了几个小时终于进去了，等了一会大货车把船拉来后，船都直接过抢的，抢来自己打气。打死我我都不会再去了
1912548079,1551182162606,50,环境太美了！也很刺激！我已经去了三次了！
1901640111,1550059692109,50,黔东南的人还是自己拿身份证买吧 少20块
1895661831,1549183682341,30,惊险 刺激 去的时候太阳不是很大 又去得晚 漂三 个多小时 起岸 每人都冷得发抖
1890910004,1548679763121,50,值得一去，非常可以！
1887886904,1548330371158,30,挺好。孩子们都喜欢。。。。。。。。。。
1884139369,1547962830535,40,可以
1881107715,1547606715490,40,夏天去的很不错。惊险。
1874381319,1546789517029,30,还行吧，我是夏天去的，全程大概三个小时，炎热的时候可以去试一下。
1881329664,1547619127356,40,可以，好玩，刺激
1771891729,1535250392753,40,首先要感美团和大众点评用户评价，真的很有用。所以以后我也会认真评价，好给大家参考，我们从贵阳出发，按照美团上用户的指点，直接导航到高过河服务中心，很顺利3个小时就到了。票在网上买和当地买价格差不多，不过在网上买要注意要提前三个小时买到了才能马上换票。换过票后就领漂流用品，最好穿长袖的游泳衣防晒，换好后把漂流不用的东西买编制袋装好后可以免费寄存，买编织袋会送勺子和防水袋，不过防水袋会漏水，装手机不行，装钱可以，接着会有车接到漂流点，就开始愉快地漂流了，漂流前可以吃点东西，一路上也都有吃的卖，感觉高过河的村民都挺淳朴的，要多吃点东西才不会觉得冷，这么热的天我是觉得漂着漂着有点冷，可能看各人的体质吧。高过河漂流有很多激情漂流点，感觉不错，比平稳的漂流有意思。上来后有洗澡的地方，不过水有点凉，希望以后能改善一下。
1751742249,1533214985991,30,和同事做火车到这边玩，漂流一定一定要注意防晒，就算是没有多少太阳。火车站出来右手边就是汽车站，做汽车去高过河只要十几块钱，做汽车的时候注意坐去镇远—“尚塞”的汽车，他没有明确标志去高过河，从镇远到高过河要一个多小时的车程。到了后去取票，取票的地方会有一些买东西的摊子，买一个瓢，船漂的时候会进水不把水弄出去容易翻船的。水枪的话买不买无所谓。然后换上漂流的装备，有东西的话可以寄存起来，20块钱一袋。下去选自己漂的船然后就可以漂了，河水有点冷，漂的话大概三四个小时，后面几乎冷的不行了。有11处险流都会有工作人员在哪里看着。中途会有一些免费倒水加气的地方，其实那些必须是在哪里消费了才免费的，里面的东西有点小贵，景区都这样。里面会有免费的姜茶喝，终点的时候会有别人给你照的相片，20块钱一张，买不买看自己。这里唯一不好的是终点不能换衣服，你要穿着湿的衣服做观光车到站点才能换，中间还会有转车，不过到了站点拿到自己的行李就可以去哪里有免费的澡堂洗一下，你可以带一点一次性的洗发水和沐浴露。哪里没有直接回镇远的车，除非你自己有车，不然你就只能包车或者拼车，也可以坐车到镇上然后在转车回去会便宜点。
1875042480,1546943456557,40,还可以哦。非常刺激。好玩。
1870282526,1546396282332,50,已经不是第一次去了     还是好玩的
1869099483,1546331838329,20,每年都去，还不错，🎀🎀🎀🎀🎀🎀🎀
1762515107,1534231721437,30,"夏季一个不错的玩水之处，但是三百公里外的朋友就没必要跑那么远过来玩，流程比桃源河长点，激流都差不多刺激。今天人不是很多，巴士那些一上车就走了，没有走一点点路。
不要在收费站门口买防水袋，小娃娃多得很，还卖得比售票处贵。不要在漂流途中小吃摊吃东西，虽然可以讲价但是很难吃，漂流的时候选一个新点的皮船就行了，我们漂出去30米就漏气了😂，后来到起点重新换了一个军绿色的，一口气漂完全程，3个多小时！
买瓢，瓢，瓢！舀水，一个激流下来你的船里全是水！"
1863732058,1545794022039,30,高过河真的算是比较好玩的漂流了，很刺激
1863126571,1545649941993,50,非常刺激，空气好，水好，闺女说下次还来
1856065725,1544963581659,50,第一次玩漂流，感觉很好玩，比较刺激，但一定注意安全，如果翻船了，可能会有不好得印象。
1768885050,1534902871099,30,"首先   漂流体验不错  路边风景也不错  很凉快  景区还是蛮不错的   我是当地人  这点我承认   来镇远玩就该去高过河漂流
   但是   我也不知道是不是现在大部分景区的通病   ——变相的捆绑消费     取了票之后去拿装备会让你买水瓢   10块钱3个    然后防水袋一个10块    我也可以接受    最最过分的是：我真的不明白东西寄存不是他们漂流应该考虑进去的吗   也确实考虑到了   人家来漂流东西要寄存又成了一个赚钱点    关键是寄存东西要你自己买袋子打包   不可以直接寄存  必须打包   让你去买袋子  20一个几毛钱的口袋   我也是无语了  还有一系列的其他东西   还有景区里边吃东西消费  应该众所周知都很贵    这不是钱多钱少的问题  只是讨厌现在很多地方的捆绑消费    去过很多地方   很多大地方的捆绑消费就很少"
1746886983,1532702687365,50,"漂流全长5公里，我们吃吃停停花了3.5小时左右【交通】开车过去导航目的地要到高过河服务中心，停车场售票换衣服都在那边，下高速就有一个很大的牌子看得到的！因为我们是自驾，其他的给不了什么建议～
【餐饮】漂流途中都有小吃，烧烤，有的摊子也有煮的粉。然后需要带的东西：一套换的衣服！漂流过程中身上的衣物肯定是会湿的，少数会翻船，比如我弟那船就在最后一个点翻了2333～带点零钱！人均30左右吧如果你是吃货可以多带点，因为在漂流途中有的地方没信号手机是支付不了的，还有到终点你要买照片的话一张20，因为那里信号超级差身上也没带现金害我想买张照片留念也没买到。流程就是：换/买票（美团购票提前三小时买才换得到票）-换装备（头盔小白鞋护膝救生衣）-乘巴士到起点（15分钟左右）-选船出发（选新船没有补丁的不会漏气）❗️漏气加气的一定要看白色的牌子才是免费加气点，红底牌子是要消费才可以加气，你们可以仔细看那些免费加气的牌子上有四个很小的字（在此消费）❗️其他买水瓢买手机防水袋什么的就不一一细说啦，那边都可以买的。刚开始下水有一点冷，后面习惯就好了。风景很美，玩得也很开心，诸位在旅途中慢慢体会吧～"
1772419422,1535212265047,50,高过河真的超级好玩的！提醒下大家需要注意的吧：一是美团买票得提前三小时，比现场便宜2元，如果不是旺季建议去现场买，不然没到三小时是取不到票的；二是备着现钱，途中可以买吃的，因为没信号，手机支付不了；三是注意防晒措施，真的超晒；四是检查好防水手机袋，我同事就买到坏的，半袋子的水；五是结伴去的，记得约定到平缓的地方相互等着，可以一起玩，不然全程都是各漂各的；最重要的注意安全！
1817462031,1540519474850,20,一般吧，天气没选好，漂了一半就下雨了，不是自驾游最好报团去，那里不方便做车回县城，还有要去的话记得自己带上防水套和打包带，免得花冤枉钱哦！吃的也要记得带，虽然沿河的岸边有，但是味道不好，还有点贵
1847659321,1544038909878,30,还可以，玩过很多次了，这次被多喝了点水
1741932188,1532280932793,40,7月21号去的，据说当天游客5600人左右…简直吓人，高过河漂了三次，相比黄平的飞云大峡谷更刺激水也更干净，杉木河不刺激，只适合小孩子玩…当天下午十二点半左右到景区，并没有自动取票机，只有人工柜台，当天36℃的高温太阳暴晒排队排一个小时左右…非常折磨人…天气热介意早上就去人少也方便！对了…联通全程只有2G网 简直难受，不过电信有3G，移动不知道…中途烧烤特别好吃！估计是饿了的缘故 哈哈哈 漂了三次，到快结束的时候有三个急流都很恐怖！！非常容易翻船，贼刺激！然后水特别冷⊙▂⊙太阳特别毒…前两次去人都没有，不知道为什么这次去人会那么多，遇到了百年一遇的堵船(｡•ˇ‸ˇ•｡)全程大概漂了4个小时了吧…还是非常开心的~
1769821708,1535002749339,40,我们从泸州出发，先耍的镇远古镇，第二天早上出发，距离很近。漂流很刺激，水质清晰干净。大人小孩都玩的很开心。去耍的亲们记得带防晒霜，水枪，水瓢，防水袋装手机。唯一不满意就是十点才售票，售票处和漂流处离得很远，要换乘景区大巴车。
1835490248,1542613891920,40,去了N多次了，一直喜欢这的漂流，朋友从深圳来，带他们去体验一下。
1836960657,1542886210126,40,刺激，满意，当天还下大雨冷死了
1749224978,1533011421329,50,非常好玩！值得一去，服务很好，开车到达服务中心，有专门的大巴车接送到起点，返回有专门的车送到停车的地方！东西卖得也不贵！一路上激流很多，不会游泳的，得注意翻船！整整漂了四个小时，边吃边玩，太给力了，来年，我们还去！相约高过河！
1831071130,1542172448854,30,第二次去了，但是这次去的人很多，就像下饺子一样
1832150647,1542172581167,30,很刺激，惊险的地方有工作人员的
1830284667,1542077035927,40,还可以
1830915789,1542077384329,40,下次还要去。。。。
1745410521,1532658564886,50,强烈推荐的漂流，刺激几乎每一年都要去的高过河x，时间长，激流多，人也多。我们6个人去的，比当地老板订的便宜，当地老板要258元。美团才218元，推荐自驾游的还是网络购票。往返有交通车，中途有许多免费倒水点，还有姜茶。一定要买的就是水枪和手勺。船很容易涨水，涨水容易帆船。
1761564245,1534149492280,30,去了6个人，自己坐车去的，到镇远包的车，60元/人，(最好自己开车，如果有人换着开的话。)大概50分钟的样子到景点售票点，还要坐大概20分钟的大巴到漂流入口.建议去的人数是双数这样两个人一船刚好，一个人显得太孤单，会精疲力尽。漂流还是比较有意思，最好11点多就到，一路不停，要票3个多小时。要不然到最后时间晚了水会凉，冷的发抖。很气愤的是，有些中途休息点感觉有强制消费的嫌疑，这点给个差评，下面深谷手机是没什么信号的。回到镇远吃饭是比较气愤的，在河边那里简直太多人了，等了一个多小时，才陆陆续续给上菜，饭也半天没有，几个人饿晕了都，差评。总体感觉还是不错的。
1778440221,1535978886652,40,"这次去玩，最坑的是手机进水，因为带着防水袋去（中途路上买的），没想到卖防水袋的小朋友（坑小鬼）和大人（老太太）卖的什么鬼烂次品，一点都不防水，当时也没去试过防水性能，结果手机报废。所以如果要带手机进去玩，最好自己先买好防水袋，测试一下防水性能再说。。唉，说多了都是泪
还有就是，应该是贵州本地学生持学生证可以便宜20块的门票。。
反正，这次手机坏了，冲淡了游玩体验，下次想再去一次！！！"
1740950455,1532163667862,40,我们是自驾游去的。第一次去刚开始不熟悉路。把车开到起点去啦。然后工作人员告诉我们要把车开到终点，会有车子再次送我们回起点。开始漂流3个小时左右到终点，就可以直接开车回家。漂流一路沿途风景很好，很刺激，适合年轻人喜欢游玩的不错选择。在激流的地方都有救生员守着。很安全！
1820751780,1540890856735,30,好耍，第一次漂流就记忆深刻，真的不错
1770502731,1535016235926,30,漂流还是挺好的，刺激好玩，就是提醒大家，不要坐火车站门口的往返车，坑你，我们买了往返的票，中途车要走，俩孩子还没漂流出来，不拉我们娘三还不给我们退票，后来我承诺给补先走的2个人的车票，才同意留下来等我们，孩子出来，竟然要我补100元，想想，我这一趟175元，就只当是包车了，谁知后边又要上4个人，我当时就说了一句，你既然还有4个人，你还要我给你补这么多，当时就把车停到路边，恶恶说：给500也不走了，就把我们扔到路边了，自己走了，我们僵持很久，后来还是我又加20元过路费才走的，孩子感慨：还是有不道德的人。
1742593831,1532325144678,30,五星好评，高过河漂流必须点个赞，强烈推荐！ 这里的漂流真的太爽啦，不过唯一心塞的是飘到后面太冷了，像在冰箱里，水特别的干净，去玩这里，一样的比较烦的是，所有的艇全部采用底下无漏水装置的艇，要一瓢一瓢舀出去，累死了，希望 可以改进。。还有自驾游的朋友千万千万别开到起漂点，去服务中心有车接送的。方便漂回来就可以开到车
1816624153,1540476710167,40,很满意，已经连续两年都去漂流了，明年还想去
1776032847,1535628026128,20,不好玩，抖音简直都是夸张化，全程都在不断舀水，然后一到急流船底到气垫直接被弹出来，要不是抓得紧，我都被弹出来了，很多次，激流很少，没有桃源河刺激，真的是带小朋友去玩而已。不会去第二次
1746475654,1532741777026,40,来到这无亲无故的，你就是她最亲的人  很少上网呵呵呵呵呵呵京东到家叫就加家加就减肥茶带回家进入房间几点的课记得记得警察局缝纫机想剪短发开心点觉得经常积分兑换度突然间吃就吃让姐姐滴滴滴几次放假放假坚持减肥警察局
1706082420,1529107000851,50,这里的漂流真的太爽啦，不过唯一心塞的是飘到后面太冷了，像在冰箱里，水特别的干净，去玩这里，建议大家不要去大小七孔了，一样的比较烦的是，所有的艇全部采用底下无漏水装置的艇，要一瓢一瓢舀出去，累死了，希望他们老板可以看到，有漏底的，而且屁股两边是要特殊处理的那种，多带一套衣服去，如果没有可以去换装备的地方买，水袋10块，有抽烟的买20的那种放烟还有手机，大一点，自己带毛巾去，瓢10块3个，男生的大大中裤也是10块一条，其余的15，20不等，中间说要加气的其实就卖点小零食，很便宜味道还可以，如果你抵触，那你可以上岸把水倒掉就走，那个艇真的没怎么漏气，只要你不去乱拔什么按钮都是没问题的，建议还是吃点小零食，暖暖，自己开车的朋友不要导航去起漂点，不要不要，不要，去高过河漂流服务中心，在倒数第三个激流会翻船，会翻船，会有工作人员捞你，
1755238471,1533465696233,30,还行，自然风光没得说。提醒来玩的游客，这里安全措施不是很到位，心里有个数。第一次漂流没经验，领到船上只有一半把手，在激流处难把控，领船时候一定要看好了，四个把手再上船！！！另外，船的座板在中途漏气了，后来基本没有减震效果，石头容易顶到屁股，很危险，想去旁边换船，竟然没有！中途没人负责！后来因为漏气导致进水太快加上碰撞翻船了，船被急流冲走，没办法，让其他游客帮忙运到岸边，最后半公里走回到终点处！并不是所有地方都有救生员，自己注意点！
1815027775,1540292204125,40,有点冷就是
1777014423,1535690138130,50,去年去了两次，今年和同事一起去，很不错的漂流
1811137940,1539834003013,50,非常的好玩 第二次哈哈哈哈哈哈哈哈哈哈哈
1799804488,1538548608834,10,到那边东西翻船了，东西都掉了，不开心。感觉工作人员也很敷衍。这次损失很大，留下心理阴影了，
1768760106,1534849147647,30,还是不错  就是撒子都是自助的    一路飘一路吃
1767792117,1534776660234,50,人多，也挺刺激。想来很久了，这次回老家终于来玩了，明年还会再来
1798934250,1538477500708,50,最好的一次漂流体验，建议拿身份证直接买票
1798650202,1538477471577,50,超棒的体验。但是费用不如直接用身份证买便宜
1770657979,1535088768876,40,现在景区搞活动，湖南户口只要200，美团还贵点，高过河漂流相当刺激，名不虚传，就是水游点冷，正宗山泉水，景区检票要检两次，我们掉了票，协调了一个小时才搞好，千万记得不要把票搞丢了。
1802662889,1538867739845,50,很刺激
1791030999,1537448657045,20,不好玩，大多数都是老人漂，就这种程度桃源河完全可以，根本不需要跑这么远
1801099315,1538670083953,50,好，水好，刺激，舒服！！！！！
1767403230,1534684742024,50,刺激、惊险。漂流中的小吃不太卫生而且还贵
1731502854,1531493562086,50,每次去都晒的不要不要的，最重要的是一定要做好防晒，去年耍了一次，今年也不差，只是每次快到险峻的地方都会比第一次紧张，因为知道那点会翻船，哈哈！友谊的小船，说翻就翻，最刺激的就是最后要结束了，我们的小船翻了，90度垂直下去，不过真的很刺激，去了还想去
1774183060,1535440327434,50,超级好玩，明年夏天还要去哈哈
1777441067,1535791532296,40,刺激，每年都去！但是建议水源要保护一下了，河边烧烤污染太大了，如果河脏了，会影响游客量吧！现在水，都没以前干净清澈了！好可惜
1767667277,1534694890740,40,挺刺激挺好玩，风景优美
1771374724,1535116539365,30,挺刺激的，就是漂亮的船不好！好多都是漏气的船，沿途没有船更换，途中加气需要10元的最低消费。害的我们一路消费了六次加了六次气才到终点。没气的船不能漂，害我的屁股都撞伤了。途中还翻了一次船。要是船都是好的完好无损的话。还是值得一漂的……
1768266072,1534776745430,50,惊险刺激，服务周到，值得一去！
1757951941,1533787459366,50,一定要提前在网上买票，下午3点半就停止售票了。非常刺激的漂流，翻船很正常。
1760143824,1533979091980,30,跟爸妈一起去的，还不错👌 嘻嘻嘻嘻
1761714481,1534169500783,40,"漂流时间大概3小时，前段很平稳，中后段刺激的地方还比较多。
值得这个价，记得去的人都要带身份证原件。有年龄限制，去之前做下功课比较好。"
1768948038,1534905758046,50,漂流的路上有很多坑，第一坑，漂流路上卖的防水手机袋，一句话。完全没用，手机放里面漂流，下去后你会发现自己的手机在袋子里泡澡o(≧v≦)o。所以最好自己先买好厚实的防水袋或者在售票处旁买好的。
1782507404,1536485295049,30,嗯嗯。每年都会出去漂流的，挺不错的，反正我胆小，这里也不是很吓人的那种
1770922041,1535113798102,40,第一次去漂流，一开始还有点怕，最后玩high了。。其实景点里吃的东西还是可以接受的，毕竟漂到后面是又累又饿呀。一起去的人多要好玩点，可以打打水仗。还是值得一去。
1761326947,1534088270299,50,挺好的
1760620286,1533991912022,50,我还会回来的哈哈哈
1763351016,1534297660740,50,非常刺激。水也很干净。 安全措施也很好 急流的地方都有专业的救援人员。 去玩的人很多。就是车程太远了。开了四个半小时才到。以后有机会准备带家人去一次
1761702356,1534133385736,40,好玩，刺激，适合年轻人玩，小孩老人别去哦。
1742176939,1532312013386,30,设施不完善。提前美团买了票，还排队一个多小时。中午12点到 下午2点半才开始漂。漂到后来都冷的发抖！建议提前美团购票从上午11点开始漂，星期六星期天最好不去
1761843225,1534165768816,50,配套设施不行，特别是存包的必须要你去那边一家店里买一个只值2快钱的口袋（卖20），里面有个破水瓢，一个防水袋，建议去的朋友把东西还是放自己车上。漂流还是不错的
1733020828,1531615415899,40,各方面都挺好的，很刺激，就是买票的时候得注意提前3个小时买，买的时候没注意，客服人员也没有提醒，害我们在那等了3个小时，漂到终点的时候已经6点了，好冷
1732576250,1531580577589,50,高过河的刺激点多，水质也好，小孩玩了说，明天还要来😥，小孩一米四才能耍哦。
1787327577,1537098215288,50,不错
1732536408,1531562944530,50,第二次去了还是玩好  恨不得马上接着再漂一次 以后还是要去
1714252133,1529913951784,50,景色超美超美超美，尽管它是一段休闲漂，然后一段惊险漂这样交替着，全程漂两个半到三个小时，但是风景真的好美好美，清澈干净水还倒映着两旁绿油油的树木，仿佛置身于世外桃源一般，但是船艇经常会卡在一个死角里出不来，那样如果旁边有可以站立的石头就需要下船来推一下才能回到水流中间，而且水经常会灌进来，不会自己流出去，之前玩过的漂流都没有过水满的情况，但是这个就需要你经常到岸边把水倒出去，前半段是很爽，因为还没有感受到冷，尽管已经是夏天，但是到后半段瑟瑟发抖，途中都有买吃的，因为我们没带钱没带手机啥也没带，所以就这样饿着累着漂完了三个小时，有一处漂流，不记得是最后一个还是倒数第二个，我们旁边的一个小伙伴直接翻船了。所以要异常小心。因为没带手机，所以美景只有在我的脑海里才有，有点可惜。
1762190781,1534227537531,40,很刺激，准备工作要做好
1767355942,1534738408680,40,很不错，去年就去过，今年又约上朋友一起去的，14个人，这几天就是水有点太凉，门票我听说在现场才200，网上折后216，我去，什么道理？
1784151789,1536623913484,30,比较刺激下面卖东西的也比较善良
1721774667,1530605907142,20,如果没有最后一段假借加气之名强制要求消费的话，可以打5星。最后那个很不爽！我家孩子一个人漂流，估计看小孩没什么消费能力没让她加气，看到我的船说什么不加气会翻。我想那就加吧，以为一会就好，结果强制消费以后才给加气。结果加完气漂了一会儿就到了，我家孩子在岸上湿淋淋的多等半个小时，我都气炸了。如果取消最后一个骗人的加气点，强烈推荐这个漂流。相机手机没带，无图。景色不错，山清水秀。
1782085306,1536421177177,40,非常不错很刺激。
1782979534,1536505137285,50,爽歪歪！！大朋友可去。
1778422970,1535960907026,40,比现场得门票贵，河水很冷。然后很刺激。很好玩。
1780629696,1536219313117,30,还不错，就是到后期有点太冷了，你说呢
1781914045,1536421140667,40,第二次了很爽
1782217014,1536461959764,50,非常不错👍🏿👍🏿
1773278541,1535287546088,50,今年的船比去年好多了！没那么容易漏气。只是途中卖东西的还是有点坑
1734915428,1531729522978,10,服务奇差，进去要验两次票，但全程没一个工作人员提醒你。我们把票掉到观光车上就不让我们进，我就不懂了，领护具什么的都是凭票领取，但就是死活不让进，然后就让等，这一等等了差不多一个小时，八个人八张票，取票时间检票时间都说了，要是看监控一下就可以了！奇葩的是墙上公布的投诉电话居然关机！差差差
1780247349,1536219333808,30,后门太冷，着不住啊.......
1749783373,1532960442576,50,设施不错，景区运力充足，绝对的第一惊险刺激漂流，不是之一，是第一，物超所值，护航员真的很负责任，我和女儿翻船了，护航员反应敏捷，马上跳下水施救，超级赞！回味无穷，贵州第一漂！👍
1782011272,1536381463845,50,刺激
1773175380,1535329943570,30,还可以，就是中途看不见免费加气的，只有要钱那种或者必须买东西才免费加
1780593888,1536215433047,50,爆好的漂流地方。
1759400748,1533915049422,40,感觉都挺好的，天气也刚刚好，不冷不热，环境优美，设施完善，都挺好的，交通便利，真的值得一玩。而且救援人员也很认真负责，不用担心。
1732472751,1531554062798,50,太给力啦，超级刺激，安全员也特别及时，只不过大家漂流一定要带护具，五星好评！
1739415127,1532049716882,40,好玩，很刺激。就是一开始不知道路线 直接开到了漂流起始点 第一次如果是自己开车去的朋友，要先把车停到服务中心，在那里来去都会有车接送。
1778701596,1535957900537,50,危险
1771446748,1535125075291,50,很刺激很惊险，船翻了两次人也摔得到处都是伤，但很开心
1753111092,1533305561263,50,好玩！三个人去的…等了半天没人和我一个艇结果一个人快乐的漂了四个小时！😭
1705987442,1529142112239,50,端午节活动119，比平时便宜很多。景区窗口价格和网上是一样的。真的很棒啊，水质很好，漂流时间长，船漏气了，离漂流起点不远，工作人员联系人换了个船，看评论说服务不好，其实很好的哇！漂流起点有露营的地方，下次来都不用住酒店了，直接带上帐篷来。
1737255445,1531961335892,40,漂流的设施挺好的 急流处有救生员在旁边 很安全的 漂流的鞋子也备上的   总体来说还不错 👍
1774425730,1535421795365,50,服务态度非常好，漂流有惊无险！
1740302040,1532159096566,50,第二次去，绿水青山，非常舒服，
1772615596,1535284935081,40,漂流不错，就是坐车太不方便了
1771174243,1535119589694,40,很好玩，就是设备该随时更换了，好多船坏了，安全系数就低了
1737867837,1532004266267,40,很有意思，是避暑圣地，水冰凉清澈。
1776701412,1535715433217,40,还可以
1732863313,1531637462439,40,很值得去漂流的一个地方 很刺激 水很凉
1765442374,1534555023455,30,漂流水质还不错哦，落差水流也很刺激，只是我们自己去晚了，水有点儿凉。
1766433874,1534675047199,40,好玩儿啊，惊险刺激，就是时间很长，在水里太久了
1758265836,1533809877927,20,还可以吧，人比较多，😌😌😌😌😌
1771431481,1535178242724,30,还可以，总体不错，挺刺激的。。
1763944931,1534393745057,20,取票的时候所有在美团购票的旅客都出现了不能取票的问题，幸好及时解决了。
1766625994,1534648395369,10,一直等到我十一点才能取票，不是马上买马上用的，恶心死我了
1769159178,1534906626345,50,漂得很过瘾
1766370128,1534608901032,50,超级刺激，全程3个多小时很尽兴，风景如画！
1767425945,1534751477818,50,最刺激的一个漂流，全程高能。
1765046850,1534429357886,40,"【环境】
【交通】
【项目】
【餐饮】很惊险，很刺激"
1723801613,1530784445228,40,美美的 工作人员都很热情 漂了3个多小时，感觉都还没玩够，推荐推荐下次再去。
1766757394,1534698725639,40,接送服务都很到位！漂得非常非常的开心
1761752772,1534129597444,30,还可以，就是有点远了！开车太累！下次通高铁就好了
1768429673,1534854259504,50,刺激，好玩
1763340255,1534321201468,50,太好玩了，刺激，不枉此行，明年再来，水有急有缓，开心
1761986061,1534129685290,30,非常好！下次还去，就是太远了，通高铁就好了！驾车太累了！
1764969051,1534500541247,40,一年一次，很刺激，貌似不翻船不过瘾，呵呵，今年还是翻啦一次
1761447771,1534132204921,30,胆子小的最好别去，适合男生去，水冰冰凉凉的，挺刺激！
1767161670,1534698560578,30,很刺激！服务都很不错！接送都很到位
1762465132,1534238513485,50,晒黑到现在还没恢复 不过挺好的
1752536806,1533282715430,40,比3年前去的好玩，增加了些惊险地段，最后的那下居然翻船了，还好岸边救生员比较多
1756400396,1533634202959,30,停车要钱，这点不人性，其他还蛮刺激，景点物价贵，一瓶矿泉水五元
1766019315,1534580077584,50,刺激，值得尝试
1749945887,1533032121243,50,不错哦
1764135455,1534408107322,50,挺好的。
1757409726,1533695978143,50,第二次去了 还是一如既往的刺激 喜欢刺激的朋友是个不错的选择
1741787097,1532321332470,30,还算是可以，就是工作人员的态度不太好
1760149204,1533975333715,30,挺不错的，带上家人孩子一起玩挺不错的一次旅游
1758480524,1533820535594,40,环境好，每个水比较急的地方都有救生员
1761238587,1534088374114,50,太小的孩子不适合玩
1761572864,1534096219073,30,不错，非常满意。下次在去😜😜😜😜😜
1743118420,1532412217367,50,我们漂了整整4个小时，多么开心的一天
1761908983,1534069045887,40,挺不错的，值得去玩
1737632982,1531982179385,40,高过河，一条会唱歌的河~水超级凉，凉飕飕。不管太阳多大，都很冷。建议做好防晒，否则一趟下来，分界明显。
1759347095,1533814073070,30,"还好啦 
…………其实 我觉得可以 嗯"
1751392757,1533193019216,40,不错的一次漂流，好好玩哦一路的风景也很好的。服务态度挺好的。
1741560008,1532249253900,50,非常不错，水是自然水，特别清澈见底，特别凉快………简直是冷，上午和三四点可能凉的睡不着，我们一点开始漂，都冷的很
1756357886,1533579466713,50,相当给力！玩过最刺激的漂流，安全刺激。
1754546668,1533463910277,50,非常刺激，有时间的话还要继续去
1741915570,1532343601389,50,很不错，很刺激，
1756162791,1533549440035,40,高过河漂流推荐，就是水太凉啦啦啦
1740605185,1532171316766,40,设施齐全，环境优美，交通方便，漂流过程刺激，大人和孩子都很喜欢此次漂流，下次还会去。
1708974516,1529382331187,40,3个小时、4个人去的、推荐情侣去、很开心
1752880394,1533292556580,10,一个字差，没见过这么落后的景区
1733040553,1531637810213,50,很难忘的一次漂流  和老婆朋友一起去的  漂流的河流流速较好  要刺激有刺激  该自己划的也有  只是位置有一点点偏  不影响漂流的过程  较满意
1743350709,1532464758996,40,挺不错的，就是漂流途中看吃的棒棒和水瓢被人偷了。
1753001755,1533324991869,40,挺好的，也很好玩
1740091269,1532166926206,20,漂流挺好玩。就是景区服务太差，排3个小时队才取到票，那排队阵势，堪比火车票
1744824744,1532531680962,50,可以有些地方很刺激跟朋友来的最后那个地方最容易翻船了
1739614394,1532140465368,30,两人一船，最后一小段比较陡，我翻船了，不过有工作人员救
1749336470,1533001827858,40,人很多，刺激度中等！！！
1749014496,1532928656507,50,好玩激情又不危险
1751640375,1533109033399,50,很不错，每年都要去玩
1750978684,1533109005457,50,很不错，每年都要去玩
1707584767,1529242158739,40,设施很好环境也很刺激，就是那里明明写着免费加气的船没气了强制消费不然不给加气，我手机没电也没带现金就不给我加气后来留个微信说我开机给他发红包才加的。附带一句最好别买一路上的摊子上的东西吃又难吃又贵！
1701558562,1528600921087,50,环境真的很好漂流时间也是比较长特意从贵阳去的炎炎夏天约上几个好友值得一去
1742124863,1532331010043,50,非常刺激。好玩。下次还想去。真的特别推荐。
1739161460,1532081969621,50,高过河是漂流的最佳选择 就是自驾游方便一些 推荐
1738679905,1532010163008,50,太好玩了，激流很多  很刺激。就是一定要穿长裤，晒完腿都要变色了。
1743450689,1532418674371,30,很刺激  太远了   漂流了5个小时   饿惨了
1734832541,1531751404546,40,第一次玩漂流，很好玩，很刺激，周围的环境也不错，主要是一路都有吃的⊙▽⊙，很好，下次再来😁
1741891317,1532330445041,50,非常刺激。刚刚还害怕。玩过后还想再玩一次。
1744336177,1532575004977,40,感觉还可以
1746351732,1532695218867,50,刺激
1737111437,1531891924455,30,感觉漂得时间还是长了一点。碰上下雨有点冷。
1733970447,1531655991018,40,就可怕啊。这么好多好多人在外面等方面发挥作用？你的
1739336499,1532086139667,40,好，刺激，就是翻船了，吓到了😢，哈哈哈
1733272557,1531615555786,40,非常好，刺激，就是漂到下午的时候很冷，最好是提前订票，中午漂
1736118963,1531819494512,50,带朋友去耍的值得推荐，水质好，险滩多，刺激。
1739525464,1532090251092,50,好玩得一匹
1735465822,1531750483387,50,每年都想去的地方，刺激！！！晒黑也要去！！
1734462963,1531708155376,40,工作人员态度挺好，也很方便
1736043115,1531803894375,50,已经来多次 非常喜欢
1738337378,1531978398744,50,刺激，
1735700359,1531750406722,50,太好玩了！有意思！！下次还去，有意思.可以可以
1733377511,1531615476068,40,环境很好，很刺激
1725829429,1531041330612,30,水不错，很清澈就是太冰了。比南江好玩些
1687550458,1527242471639,50,不错的，皮艇只有一只是不小心按到放气闸门漏了，不大满，剩下的都没有出现加气的情况。有点冷，但是很有趣。激情的地方还是多的。想来，带个水瓢。危险的地方都有救生员在。这几天人还不多，所以整个过程很闲，值得推荐
1715001494,1530000771694,40,设施好，服务好，环境更是没得说，很开心的一次旅行。
1707972131,1529294538594,50,惊险刺激玩的很爽，很不错娱乐活动，五星条件给大家，完全值得一去。
1710565453,1529494915279,40,去过很多次，只是不同的人罢了
1707659594,1529236372104,30,挺刺激的，时间也很长，就是水有点冷。
1701852367,1528635878253,50,环境很好，漂流不是很危险，6月漂就是还有点冷
1701341593,1528635463703,50,不错，好玩就是这个月漂还有点冷
1701618708,1528635526480,50,好玩
1667674090,1525231668644,50,不错，去了两次了，感觉很刺激。
1639268452,1522405686051,40,还不错，挺有味的，中间还有吃的，唯一不足就是中间总是要充气，不过这个不影响玩
1636077924,1522037172189,40,不错
1619440233,1520326833854,50,很有意思，每年都回去，还没有发现比这个刺激的.
1327762269,1517717795513,40,非常非常非常非常非常非常的刺激，太好玩啦，每年都要去一两次，我觉得只有高过河的漂流才是真正的漂流，太过瘾啦
1396685355,1517841341736,10,很好刺激了就是有点冷来年还要去
1200706895,1516094783467,40,坐车还是有点麻烦。绕了一大圈。售票口直接到上游就少做一趟车了。也为景区省时省钱。
1105712953,1504687293656,40,我们是情人节过去玩的，哪天天气很好，阴天，但是就是阴天溪水打进船里来冷的打摆摆，不过还好。当时我们因为不熟悉怕被坑，所以在网上买了景点门票，到镇远才发现有套票（就是有镇远直接接送到高过河的套票，包含来去车费50和漂流门票，在接送过程中，如果你选择走高速的话要另外掏40的过路费，我们选择了走高速）。建议大家直接到镇远火车站高过河漂流接待点咨询，不过还是得小心，记得记下当时接待你的导游，拍下他的证件，留下随车的电话号码。当时我觉得会被坑，但是接送的司机挺好的，免费送我们到了漂流点（因为我们买的网上票，得坐观光车去，观光车只有等一车人满了才会走。）在漂流的时候大家一定要选好船，不然中途会漏气，中途还有商家，消费满10元免费充气。过程还是挺刺激的，不建议带小孩去，有些激流虽然有专业人员留守，但不适合小孩老人过去。
1199188081,1515925912784,50,那么久没有评论奖，都去了几次了。
1200591274,1516131951337,50,还不错，值得一去
1164453849,1511715130101,40,酒店的客房干净整洁设施也还不错，温泉的服务态度很好水也干净只是有些池子说是在维护没有开放，总的来说服务周到性价比高就是不知道以后会不会涨价，如果不涨价这个地方度周末泡温泉还是一个很好的选择。
1183150651,1513774116924,50,真的是上了年纪不能玩。有几个地方非常的冒险，还有就是水很凉，必须要在很热的时候去才能玩，否则真的会感冒的。
1190956981,1514735872560,40,路线还不错，就是皮艇不给力，老是漏气，换的也都是坏的。忘改进。
1132133730,1507890624802,40,整体游玩感觉还不错，下午去的，进场都五点了，还好有一批游客，漂流的时间很长，因为时间比较赶，我们两个小时漂完，设置的刺激点比较合理，没有很危险，下午的水很凉啊，有点冷冷的，建议还是早点去比较好。  不满意地方就是工作人员的服务和储存袋的质量，手机全部进水。  我们坐车去的，直接去的起点，存东西的时候工作人员居然都不告诉我到时候去重点拿就可以了，害我们包车从服务站到起点又回到服务站，真的是气死人了，真的是最糟糕的一次旅行了，气死人
1180886805,1513562204049,30,设施一般，环境不错，服务质量有待提高。
1181301279,1513562128892,20,第二次去了，没有较大的改善，服务有待提高。
1181567005,1513652580478,40,船有很多漏气的，中途要打很多次！
1081186561,1501556726624,50,暑期真的是人多，到漂流售票中心后去换票都排了好多人，不过速度还算快，在网上买票的直接去换票，不用任何证件，领完救生衣后排队上车，去漂流点大慨半个小时，中间还堵车了。在车上真的快热死了，到达目的地后要自己去拿船，女生真心有点困难有点重，最好和男生一起去，如果有人落单就找河边的救生员让他帮你找其他游客，如果要救生员和你一起漂的话得交钱，他们是收费的😒，那船就算你拿的时候是满气，也没感觉漏气，但是漂一会还是会漏气，不知道为什么，是不是故意的啊？？？让我们在半路加气，路途会有商家卖吃的和加气。一次10元，消费满20免费加气，漂流的过程挺刺激的，就是人多每到一处激流就要等好久，建议避开高峰期！！！！！
1167343153,1512100142161,20,不知道怎么说，感觉不是很正规！
1163369325,1511586716046,40,第一次去玩，还可以，有机会下次会在去
1087683701,1502464122098,50,超级刺激，我们两个不会游泳的妹子去的，简直是用生命在漂流，好在我们控制的很好，没有翻船。虽然我们只有两个人但我们与通行的人打成一片，玩的很开心。在景区外买的防水袋一定要试下密封性好不好，同事买的防水袋密封性根本不行，导致进水把手机都泡坏啦，所以最好不要带手机！ps，后两张图是梵净山拍的，因为漂流太刺激没机会拍照，哈哈！
1121464722,1506761334833,50,运气不好，翻船了
1070945716,1500296176881,50,漂流过程很刺激，要花20买个袋子存东西，送个防水袋和水瓢，全程大概漂了三个多小时，比杉木河好玩多了，漂流艇的气压不要打得太足，可以自己放气，否则来回撞击你懂的，那种感觉很酸爽，回来的交通不太方便，最好自己开车去，要不报散团256包来回接送方便些，古镇里面到处都有，景区包车太坑，回镇远最少150起，去羊场4公里要60 ，最后跟了个散团车回来，三十一位到镇远
1082796966,1501843647074,40,还是很好玩的，刺激，虽然出了点让人不愉快的事情，但总体来说还是不错的，体验了浪遏飞舟时刺激，浪平水阔时闲适，打水仗等等非常好玩。喜欢刺激的朋友可以去玩一下，注意即使充气，要不然你会翻船的哦😄😊😊
1103969435,1504429536699,50,人好多，特好玩，水质比较好，刺激
1104887047,1504492258309,50,惊险刺激！适合年轻人玩！但不适合带小孩！有些节段太过于惊险，还有就是船很爱漏气，坐的时候要注意到别碰到阀门开关，否则就一路加气走！加一次十块钱！途中有家老板叫小马哥，很是热情！由于没带现金，手机也没信号，小马哥大方免费给加气！我说等到有信号的地方马上转给他，结果人家直接笑着挥挥手说不用！…漂流完后，我们露营也是麻烦小马哥给安排的地方！地方很漂亮！
1077209273,1501117381080,10,环境，水都挺好。。服务太差，我们三条船。。有两条出发没300米就没气了。。路上加气每次要10元，或者要消费吃的免费加气。。明摆坑人啊。。大部分充气船老旧。。平均每500至1000米就没气。。没气的船坐着又危险又不舒服。。要换船要自己下船从岸上原路走回去。。好多人气得半路不坐了。。我们就一直消费一直加气才坐完这3个小时。。。提供这么烂的船。。然后全程都是要收费的私营摊位加气。。明摆坑人。。完全不如贵州其他漂流。。不会再来。。
1129433826,1507531868352,50,真的很不错，如果去镇远，是不容错过的地方，一共漂了大概5个小时吧，一定要做好防晒，回来都被晒得黑一截白一截的，和最好的朋友，还有最爱的人一起去的，是最快乐的旅行
1084488573,1502074675033,40,"跟刺激！建议不要带小孩去！
 
给旅游公司建议！ 中途应该设有专用免费的加气点和换船的地方，不然就像我那个船半路漏气了，我都是走路去终点的，也没地方换船，一路都是私人加气每次都要消费20才肯加气太贵了，东西又不好吃，全程加气的钱一路下来比门票还贵！"
1128087711,1507436405053,50,好玩，挺刺激的！感觉瓢用不着买，朋友多可以买水枪，选船的时候尽量选气孔有盖的，沿途卖的东西太坑不好吃还贵！
1077946244,1501168656032,50,還不錯👍是玩过最好玩最长的漂流河道。下次还会带另外的朋友来玩！有舒缓有刺激，一共9个浅滩，也就是说有九个可以停船吃东西的地方。激流的位置最险的在后面，几乎垂直了都！哈哈哈，我们的船反正是翻了一次，总结经验是：下激流的位置船一定要竖着下，横着很容易翻船的～～啊哈哈哈！
1070739350,1500296884563,50,和朋友两个人去的，去的时候在镇远汽车站坐车去的倒是很方便，回来费了一番周折，人少了不咋嗨，还是人多好玩，互相打水仗，不过漂流过程倒是很嗨的，激流点很多，很刺激，有机会还去，有两张照片是杉木河照的，但杉木河比较平缓，不刺激，不过衣服是比高过河好看些
1083261594,1501847254039,50,挺好玩的，安全设施也特别好，有一小点意见就是朋友们去的时候要认真一点挑船我们就挑了一个一边漏气的船还是有点小怕怕，冲了两次气也没有多大问题！
1094582748,1503287527194,50,刺激，挺不错的，就是它的船有很多都是漏气的，一路上就看见很多补气地方，补一次10块，这点就狠不划算。
1137277174,1508581738966,40,人太多，像饺子下锅
1134444483,1508227941954,50,很好玩，很刺激
1087413950,1502376910240,50,很不错，每年都来的！就是感觉处理了下，没有几年前那么凶猛了！
1093215695,1503110995790,10,垃圾，网上订购不说孩子可以优惠，漂流工作人员给船不加足气还有些故意漏气，最可恶的是坐上船走出几十米就有人岸边对你喊，你船差气，需要加，10元。几百一张票，沿途本来就要设置保障加气，全是私人乱整。另外你漂流的时候屁股里塞钱？没钱？走回去自己从新换船
1120809742,1506608943788,50,非常好玩，这次来体验感真的太好了。推荐给大家，要夏天最热的时候来，因为水有点凉
1096686268,1503548123483,10,每隔200米就有一处免费加气，但是必须消费，不然就十块钱一次，而且船还老是漏气，是不是估计让别人消费，而且消费加气了还骂人，还不怕投诉，还吵架！什么鬼，其实漂流环境可以了，这样一路下来很生气！杉木河更好，风景好，船也不会坏，要是加气要钱都怕被投诉。
1077682566,1501207046851,50,很好玩，很刺激，比施秉的杉木河刺激多了，强力推荐贵州的朋友或者来贵州旅游的朋友来玩，风景也很不错的
1099373256,1503820542374,50,很好玩，很刺激，就是门票有些高了
1075861360,1500887453995,50,整体来说还是不错的，比较刺激惊险，但是我个人觉得可以增加一个培训的环节，虽然在水流急的地方有救护人员，但是也抵不住掉水之后害怕啊！我爸和我朋友的船都整翻了，想起来还是挺怕的～比我之前去的别的漂流要惊险许多！喜欢刺激的朋友可以去
1117981817,1506249459791,50,感觉还是不错了，水很干净，环境好，够刺激
1112753858,1505549089058,30,下雨了没有漂成浪费了，不过喜欢那里下车还会去，建议由于天气原因漂不成的应该退票，否则太可惜了!
1090853799,1502788800164,40,比较刺激，第二次去了，不过这次去没上次去时水大，比起上一次，有点差远了，还有就是橡皮筏太鸡巴肯爹了，基本上50%的船飘到半路都没气，都需要加气，半途加气需要消费，真是个不靠谱的商家，只顾赚钱，不顾游客玩耍质量，可以说是个黑心商家……
1076350469,1500960046723,50,很刺激，好玩，就是有些工作人员不太负责任我们两艘船有一艘直接是漏气的，还好别人提醒中途充了很多次气，不然不知道会出什么事，
1096661828,1503553640769,10,建议开私家车去，包车很坑，到了之后就把手机放在车上，千万别买防水袋，我的7p已经溺水身亡了，游船要选好点的，不然途中还要加钱打气，吃的也很贵，唯一建议买的就是挖水的瓢，确实有用
1094485472,1503236486431,50,特别棒 尤其是在激流的时候  就那个feel倍爽
1086978355,1502331369681,50,我感觉还是很不错……刚刚觉得好玩的时候就到了
1091069273,1502883752788,50,相当不错  值得
1117909950,1506235381692,50,支持镇远漂流  每年都带朋友们来
1103318174,1504336986103,10,船他妈的漏气，途中必须吃东西他妈的才给补气，麻痹的，身上没带钱，怎么吃，不吃就不给补气，老子也是醉了，船底没气，屁股都撞开花！最恶心的一次漂流！！！
1085822643,1502168372913,50,最近高峰期 好多人 还是好玩
1101987506,1504237763313,30,整体还不错，比较喜欢有急流的位置比较过瘾……
1116787723,1506129914667,40,还要自己买瓢，沿路吃的贵
1080257536,1501420712575,40,旅游旺季漂流完毕的通道有待改善，所有人往一个小门口走很危险，建议可以把存放品形成一个链接，在出发漂流前把干的衣服通过物流带到终点，游客漂流完毕后可以凭票或手牌等依据取衣服，要不然还转两次车搞得浑身湿漉漉的等，很容易感冒生病，而且大家抢着坐车很危险
1117570116,1506217748607,50,刺激～激情～风景优美！
1098249810,1503796885615,20,"高过河确实好玩，不过船太烂要一直加气，而且这次防水袋进水是最恐怖的，6s已身亡
  没开车去的建议火车站门口包车去"
1109675202,1505119073088,50,激情四射   好玩尽兴   就是我的手机掉了   留下了点小遗憾    玩就别带手机
1083733032,1501857598569,40,可以的，刺激，比施秉好玩，因为去的比较晚，有里面的工作人员带我们漂
1094373615,1503223148716,50,服务可以，环境很好，山清水秀，鸟语花香的，又刺激！！我是第三次带儿子来玩了，儿子说爽啊！
1085380605,1502181488923,20,服务态度很不好，中途朋友不小心弄丢了票，居然说要全额补票，身份证信息都有的，为什么服务中心不能解决呢，在说一次服务态度真的很差
1084828844,1502035234665,30,总体来说还不错，还算好玩，水也挺干净，也有些地方比较刺激，停车方便，排队速度也快，就是一定要提前一天网上买票，不然没有票
1086576727,1502196303894,50,很好，对于我来说，有点恐怖了
1081312193,1501565109691,50,比起杉木河漂流的话，这个要刺激的多，而且这边的服务要好，来回都有车接送，上面都说船露气其实并不是船本身露，而且船的二边气门口太容易碰到，如果碰了就会露，所以要多注意下，还有就是漂的话一定要买勺子，有几个激流有点容易翻船，不要担心，保护设施还是可以的
1108658851,1505048020898,50,风景很好，也很漂亮！飘过高过河，其他都不想飘了
1110113387,1505228516200,50,挺不错的，就是去的天在下雨，有点冷
1099861737,1503918306920,30,大多数的船都是漏气的，漂流一路上都要消费充气！沿途很多摊贩就是做等着这个生意的！
1100871677,1504079827930,30,要自己挖水也是够累哈哈，船也老是要打气，打气是要消费的，算得上有点捆绑吧。一般般…
1093487015,1503123024451,50,过程惊险刺激，建议小孩子不要玩，要在大人保护下，就是设施不方便，漂流完没有洗澡的地方
1102434631,1504173362277,50,很刺激的……如果美团购买多人再有点优惠就好了
1087446253,1502352848075,30,漂流很棒！但是美团也太坑了，现场买票才200，美团218！！居然更贵，简直无语了
1094082270,1503224660062,50,一定要做好防晒 😢
1107607095,1504861266227,40,不刺激
1085808281,1502190617366,40,态度不好，1.4以下的不能漂流也不备注好，买了票也不退，那边都不管，买票的推那边，那边又推买票的。反正就是推来推去，中途加气还要收钱，本来就是他们气球的原因。建议大家还是带点钱下去，
1098261497,1503747580023,50,感觉最划算的就是在门口买的塑胶鞋子，游泳巴适得很！
1090820476,1502814876826,50,真的太刺激了，夏天值得一去的地方。
1082341583,1501681877582,50,人很多 很刺激
1078000749,1501146720455,30,真心认真评价水质好，环境好，时间合适，刺激一般，一个刺激，一段平缓，总体说可以，就是重庆过来太远，如果只漂流就累了，前面说的什么死亡之旅完全乱说，只要自己爪好就行
1094059394,1503191928672,10,船经常漏气，中途加了无数次气。要吗10元一次要吗在哪里吃东西才可以加，都没有设置免费加气点。
1100080392,1503900197959,50,太刺激好玩了，明年会再去疯狂一下
1096680969,1503562605352,50,非常不错，挺刺激的，值得一去。
1096395142,1503557838533,30,服务一般，交通有点不方便，漂流超级刺激
1092006307,1503020627652,40,不错、比较刺激。中途翻船救生员就看着，不下来救，估计是天太冷水太冷
1089822172,1502694353596,50,美团很方便。不过我们去的时候下大暴雨，天公不作美
1085408091,1502159032217,40,设施不是很好，漂流路上官方加气点太少就只有开始不远处有一个，其他的加气点都需要消费才能加
1098570218,1503759669064,50,很不错
1069230836,1500116012624,50,太刺激 太好玩啦  晒黑也是值得 一个游玩的好地方
1088543307,1502534375050,10,直用身份证去窗口买只要两百，在美图居然贵18，还得提前3个小时，不得三个小时取不了票
1096412271,1503474464909,40,很刺激、挺好玩的
1094133259,1503225152360,40,气垫船漏气，在漂流时需要消费才能加气！
1070174041,1500210789718,40,还是很好玩的，就是皮划艇不好，我们划到三分之一就漏气，我们就换了另一个，结果这个是漏水的，撑到一半又换了个皮划艇，结果在还有最后一公里的时候这个又没有气了，我们得在岸边的充气，单充气的话一个皮划艇要10块，消费满15可免费充一个皮划艇，然后我们买了4个鸡蛋（4个鸡蛋16块)，除了这个其他的还是很满意的
1082824811,1501807817577,50,真的刺激呢，我们下午去的根本就不用排队，漂流的人也不多，很舒服，中途我们还翻船了呢，只要坐好是不会翻船的，下次还会去的呢
1086298056,1502185991557,50,感觉不错！环境很好，就是和上面的漂浮物很多！希望大家保护好环境。
1089281069,1502598364554,30,很多年了 没变  总的来说比其他家漂流好玩点 就远了点
1088918450,1502628495278,50,比较刺激，就是去的时候天气不好！
1085645530,1502159497465,50,环境很好。天气热人比较多。要去早一点比较好。好玩，刺激！以后还会去
1086786837,1502356455221,50,挺好玩的 就是船老漏气 途中有人给加气 10块一次 或者买吃的免费加气
1090888709,1502849364772,40,环境一般，漂流过程刺激
1093119426,1503062164064,50,改道以后一点也不好玩
1084841207,1501995544403,30,管理体制差。只顾收钱。船也不冲好气。还不是排队给船打气。谁抢到谁先打。乱得很
1090699968,1502793691420,50,玩的很开心，漂了很长时间
1074595181,1500714443692,50,服务很好，水很清澈，很刺激，是一条会尖叫的河
1087425476,1502409543879,50,非常不错，景色也好，漂流也刺激。还想在去一次
1089631416,1502673838772,50,高过河太好玩了
1085345148,1502100851705,10,太恶心了，老子加气还要钱，简直坑爹，没有什么想说的，各种不爽
1086289374,1502248135036,50,来了第四次了，还想来这里漂！这次来的人有点多，建议不要节假日或者周末来！
1090113131,1502722518889,50,很刺激，很好玩，第二次玩了，棒棒哒
1077215003,1501122921560,30,感觉回到童年 就是没有漂完 有点遗憾
1087360684,1502377492009,40,一日游的不错选择，景区淋浴有待改善
1086754294,1502348331254,50,不错，很惊险、刺激，还有很多美女哦！
1088278988,1502518347180,50,不错挺好玩的！
1086080581,1502191671075,50,还是挺好玩的，要提前做好防水措施
1081045915,1501580539835,30,漂流很刺激。就是橡皮船太垃圾。基本上都漏气。漂流路上东西太贵 一张创可贴两元
1082613115,1501812106998,20,服务太差了，还得自己拖船充气，然后船也是漏的。中间充气还得10元一次
1082578327,1501688804919,10,救生员不负责任。路牌标志不明显 让人找的特别累
1077771258,1501149761434,50,爽啦！很刺激，真的很刺激！沿途都有小吃，但是景区都是一样的，贵。所以建议漂流之前吃饱肚子。
1082768469,1501840121044,50,漂流时间够长，也很刺激，值得一去
1068890150,1500111496519,50,激情澎湃、刺激，很好的一次旅行。
1080876098,1501481712670,50,远黔东南   ，说到漂流  只认镇高过河  ，刺激
1080346953,1501481504104,50,是那种去过一次就想去第二次的地方
1075164451,1500816363169,40,主要不太满意的一点就是，外地的半价，甚至个别地方免费，本地还要全网
1076660309,1501056119989,50,相当舒服 一家人都去了 服务态度好 凉快无比
1080034412,1501420229355,40,服务一般了，景区都一个样
1076100204,1500951488138,50,虽然200多，但是玩下来感觉值得！
1076691443,1500986414225,40,最近太热，水不是很大，还将就吧！
1074894297,1500800509207,50,挺好~就是我們去的太晚。到五六點水有點冷了~
1070740731,1500288302104,50,好玩，推荐大众去，地方风景好，水凉快
1065937834,1499743851176,50,还是去年这个时候去的，刺激好玩
1018161156,1493369556894,50,可惜没带手机，我去过4回了，还想去：
1005491653,1491552207525,50,这个我爱啊，还要去的啊
1002762299,1491201528151,40,还可以，就是小白鞋不太卫生
992725799,1489568898022,30,服务态度少了点意思！其次船漏气的太多。换了三次船！真特么累！
987222993,1488779366569,50,跌宕起伏，很带感，夏天消暑好去处。水也很清澈
989263518,1489068255677,50,贵是贵点，但是玩的很爽
980684929,1487634039198,50,不错，就是要等，如果早点团就好了
969970119,1486039232380,50,漂流很刺激，建议早点去，还要选好天气，否则冷的打斗
969922479,1486039275596,50,很刺激，比起其他的感觉漂流的时间也长，而且很抖
955831916,1483762871338,50,玩的很嗨，各种条件都很好，洗澡也方便，希望设施更齐全
957690646,1484055670973,50,不错，每年都去，比现场家便宜。
956305410,1483783285854,50,刺激，从来没有前漂流过的，确实很好玩。。
955712774,1483783296740,50,刺激，从来没有前漂流过的，确实很好玩。。
955491293,1483783274610,50,刺激，从来没有前漂流过的，确实很好玩。。
956153032,1483763086790,50,挺好玩的  有几个比较惊险的地方   不错 值得来
953528265,1483437423829,50,环境很好。服务态度也挺不错的。
952655344,1483322878607,50,玩得很开心！环境保护的很好！条件也算可以的！
922164122,1478782516919,50,好玩！不错！干净就是水太凉，必须很热的时候去
948867082,1482826860602,50,还行，比较刺激 去过两次了。。
947535802,1482646426835,50,很不错 带国外朋友玩 他们很喜欢 😀
594647692,1471052522436,50,"高过河服务设置没有杉木河好，不能将自驾车辆开到起点和终点，均是在景区接待处换衣服后接送。漂流鞋子较臭，护膝到处丢。但是其实没那么危险，还带了头盔护膝，基本上用不着，水质比杉木河差些。
   漂起蛮刺激哦，水流激流处不少，要漂3个小时左右，好玩，非常棒，那叫一个心跳加速，尖叫开心，强烈推荐，多带几个人，一边水仗一边漂，深刻记忆哦。"
876552657,1472172107206,50,"好玩好玩 真的刺激！但是就是我们三个人去的，明明有大船可以三个人坐。那个给船的那个工作人员看到旁边有一个男的单着！非要我们有个妹妹和他去坐一条皮划艇！我真的是醉了！后来人影都没看到了，找了一些才找到人。本来电话都没带的！没出事还好，出事了该找谁负责？还有我们漂到一半因为水太急了我们丢了东西，当时慌了，刚好旁边有工作人员拉着绳子，我们就感觉找到了救命稻草，一下抓住了那个绳子！谁知道哪工作人员不但不顾我们的危险，还凶着叫我们放手！我真的好伤心啊！本来都是女孩子，都不会游泳。出现这样的事情，当时真的懵了！最后就是划完的时候感受到了一种道德绑架。自己买的瓢，他们会利用小孩子来像你乞讨回去。有些还直接用抢。我真的想不到！
"
936918469,1481266765000,10,说退差价也并没有退。美团卖的比现场的门票还贵！打了好几个电话，也没有用！！垃圾
937972784,1481373431000,50,还是很刺激的，只是比我想象的要温柔一些
937822190,1481373393000,50,还是很刺激的，只是比我想象的要温柔一些
937678193,1481373417745,50,还是很刺激的，只是比我想象的要温柔一些
937428765,1481373585000,50,很刺激的，只是比我想象的要温柔一些
937569316,1481347975000,50,不错都很好，太过瘾了有机会再去！
474627647,1470814129054,50,自驾游的出了高速一定要向先去游客中心购票，购票完成后会有大巴车送到漂流起点，全程漂流约需要三小时，有好几个险滩，比较刺激，如果途中发现气垫漏气了，不用担心，用水勺舀水或者在浅滩把水倒掉就OK了，不用加气和补漏（需要钱），更不用担心气垫装满水沉没（装满水也不会沉），重要的事情说三遍，一定要买一个勺子（5元一个）
902936458,1475744144466,50,很刺激，因为我比较轻所以每到刺激处都是我先下去，吓死人了。漂了很久，记不清楚倒了多少次水，满满一船的水，还是很冰。
930316529,1480230304000,50,惊险刺激值得一游，只是千万别带小孩。
920012633,1478420899757,50,非常棒！挺刺激的！可是两个小时中途充气还得给钱也挺坑的！水会进到皮划艇里，还得自己提前买水瓢也是醉了！只是十一去可能有点冷了！
916430735,1477741031028,50,配套设施弱暴了，但是贵州的漂流我都去过，就是这里最刺激，水凉，我是最热的天气去漂的，水还是浸骨，水质太好了！适合年轻人，强烈杜绝老年人和幼童，因为有的地方很险
525171342,1470918703778,50,太爽了，太刺激了，是一次很不错的体验，以后漂流都会来高过河漂流，个人建议是中午1点票吧，因为到了下午1点嗯，水温会比较了，容易感冒，在漂流的过程中，一定要拉好左右的扶手，在漂流之前，一定要选一个不漏气的皮艇，还有在漂流的过程中手脚不要去碰到，排气的那个按钮。
668879475,1471195104679,50,自驾去的，人山人海，水特别清澈，险滩设计的很好，惊险刺激，我们一行五个人玩的很开心，最后一处看有人翻了还是笑的很开心，不枉此行，是我去过的几个漂流点最好的一处了，就是得裹严实点，不然晒的黢黑
926618289,1479568106887,40,不错，值得旅游的好地方，下次一定在来
907456680,1476350068767,50,首先说服务可以不错、还有鞋子给你穿、我在别的地方都是自己带鞋子的、开观光车的师傅都是好好哟、其次环境好美的、漂流真的很急、我只漂了一半、太怕了、
803013217,1471449904471,30,去到了才知道要提前两个小时订票，漂流过程中只看见一个免费加气的地方，其他的都要消费了才给加气，有的店子甚至必须消费满二十才给加气…
901979564,1475631313898,40,漂流很刺激！去的那天天气不是很好！水有点凉！
911550826,1477042923483,40,安全措施很好、很安全也放心去玩
905013590,1476063688300,50,非常不错！我们去的时候有些冷！！。
903276996,1475763162213,50,景区服务跟不上，买完门票后就没人管了，我们看见其他人在穿救生衣，鞋子，护膝套，自己就去找，然后漂流很刺激，但是水太冷了，冷的我发抖，不过真的很好玩。
877299528,1472181635997,50,好玩，刺激，超值，完全没想这么好玩，多去几次
911088041,1476963363946,50,很好，朋友一起去的，服务设施都不错，苗家住房阁楼还不错！
908201737,1476525431381,40,漂流过程非常刺激，就是从服务中心到漂流点远，漂完浑身寒冷还要等车回服务中心换衣服，
913376290,1477221067744,30,设施一般，没有想象中的那么好！
911638458,1477042613254,50,等到夏天再去一次，很好玩，时间也长
912060343,1477042569737,50,就是这个季节有点冷其他都很好。
910282193,1476872319994,50,挺不错的一次旅行 不用美团还要全价付款
910015883,1476787527118,50,不错不错非常刺激，就是景区太多收费了
867706813,1471783194477,50,很刺激的漂流，是目前玩过最有漂流感觉的河。有惊无险，值得推荐。
891842861,1474170712817,50,去的时候都下午了鞋也没了，而且很冷，建议中午去
906686774,1476341127980,50,七月份去的，去的那天三十八度，但是一下河还是好冷！但是好刺激！超好玩！有机会会再去的！
495850354,1470845139514,40,一切都好的，就是水太凉了冷得发抖。见议大家选个好天气才出发哦！天然的漂流地势，惊险刺激！值得玩的哦！
864970113,1471751495217,20,漂流是挺不错的，刺激，好玩，风景不错！唯一的不足是艇的设计不合理，底部没有洞，经常需要自己把水整出去，而且底部是充气的，漂到半程气就不够了，比较浅的地方容易撞到屁股。虽然充气点很多，都需要收费或者消费其他东西才能充气，问之说他们不是景区的，所以要收钱。既然沿途收费充气点这么多，就说明漏气是普遍现象，既然如此，你们景区就需要提供免费充气点，这样才能有更好的体验。漂流全程我们没带手机没带钱，所以没有充气，我们几个都因为漂流船底部气不够被石头撞到屁股，脚。增加免费充气点是你们景区的义务，就算没有免费的，提前告知中途需要加气也是你们的责任所在。
904149342,1475857876046,30,漂流时间很长...也很刺激...环境还不错...就是当地人态度真的很差...赚到钱就拽了
904360201,1475911784780,40,还是挺好玩，玩风光无限好，售票区和漂流区离的有点远，天气不好，容易感冒
905204313,1476067054088,10,必须提前2小时 不如去买票 美团订票不怎么好
721745853,1471323540426,50,漂流还不错，8月最热的时候去还是有点冷，漂的过程时雨时晴，烟雾缭绕，仙境一般。唯一不满意就是运气不好的船经常加气，促进岸上消费
830304078,1471690462913,20,首先，划桨竟然发一根木棍！而且很多船竟然漏气！中途要打很多次气。说是免费，但是消费才免费！！等于强制消费。竟然花了钱买了门票。配套的基本设施都不齐全(用木棍划)。残次的气垫船！整个行程有些得加5到6次气！起码就是50多！坑。
904457189,1475921302362,50,的确不错，很刺激，去玩要注意安全！女孩子最好穿上护膝护肘。
905608783,1476072597830,50,很爽的漂流，激情漂流，不适合老弱病残。
905819311,1476094865077,50,玩的不错，很值得，推荐，下次有机会还回去
715048312,1471253261884,50,大雨中漂流超爽！  风景超美的。好玩得都忘记冷了
499091399,1470849344068,50,每年都去的，很好玩，只是可以到了1.4公里不能漂了，说是前面发洪，有点遗憾。虽然还下着雨，人多很好玩。
31251202,1469607154276,40,大热的天，水特冷，冰冷冰冷的，每年都要去一次，这次水大比去年惊险多了！不说了宝宝心情现在都还没平定下来，最好是三伏天特别特别特别热的时候好一些不然，像我回到家都感冒了！反正下次不穿泳衣去了的！实在太冷了！
901687233,1475582450334,50,强烈推荐，超级刺激，超级爽，无法形容，只有亲自体会，胆小的勿去！
829317536,1471622098669,50,很好玩，刺激，取票方便，更衣室条件不太好，连张凳子都没有，提醒带小朋友的游客，规定的50岁以上的老人和1.4m以下的小孩不能漂流，需要漂流的，需要到售票点旁边办公室的领导出具证明才能漂流，有三个急流点小孩不能漂流，需走一小段观赏道，1.2m以下的应该就不能了！手机之类的贵重物品最好花20元买一个编织袋寄存，还会送一个水瓢和防水袋。今天都有好几个人的手机进水了。
902748816,1475722609831,50,好玩刺激 过瘾 爽开心  高兴  真不知道还说啥了
39883117,1469672181109,50,漂了5公里，2个小时的样子，刺激点大概有4，5处，一般刺激点大概有5，6个，，总体来说还是可以的，，
902029657,1475655238115,50,非常可以，就是温度不高时候水太冷！
895331289,1474769670522,50,那就去找个人去面对你时就被他骗自己呢！你就能和自己喜欢的是我太笨啦？在这里举行
854286332,1466254123000,50,确实好，第一次玩今天就是有点冷太刺激了，去了还想去，全长5公里，漂了2个半小时，今天还看见了特别多的比基尼美女哦。哈哈，听说晚上有篝火晚会，但是我没看到，下次有了一定去，太好完了，赞赞赞，爽快了两个人
899862204,1475395774032,30,漂亮过去时间很紧，那个寄存处的女的太凶了。
900769828,1475495685658,50,非常不错，刺激，刺激，喜欢刺激的人一定不要错过
898140154,1475155108911,30,环境不错，硬件设施有待提高，其他的都还不错。
897089505,1474972918388,50,好玩。一个夏天去4次，次次都感觉非常不错。明年还会去的
896839067,1474969528841,50,很刺激  好安逸。拍照不方便 激流处有抓拍就更好了 激流处都配有救生员  很有安全感
495372041,1470844239182,10,服务质量真的很差，今天漂到一半的时候水太急我们两个人落水里了都还不会水性。男朋友的腿被水冲撞到石头上肿了不能走路，工作人员也不管，语气十分不好，我们是花钱找快乐的，不是去玩命的，连最基本的服务设施都不好，漂流的气垫船都是七八年前的了，很多船漂到几米就没气了，安全都不能保障，工作人员服务态度更差就差没动手打人了他们。大家还是换个地方漂流吧！，免费加气地方很少，一路上水要买5块，加气10块，吃的是外面的两三倍。
895755111,1474764995048,50,值得一去的地方，取票方便，和不同的人去心情不一样，可以每年去一次了。。。
898990740,1475309836945,50,水质超好，冰了一天，玩的超开心的
895226506,1474726905006,50,没有想象中的刺激～有很多地方都是人工造的，大多数都是平流。
885302348,1473248629851,30,整体还行吧！就是感觉周围的救生人员很冷淡，掉下去了又不帮忙还在那看笑话，没出意外还好，万一出事了就不好说了，让他们帮忙倒下水也不管，这一点很不爽！
224693990,1470294973583,50,今天去太冷了～刺激  程度还不错咯。但是觉得激流完之后洗澡热水问题和鞋的问题，希望能注意下。😳停车小轿车是10元，雨衣和手机防水罩建议提前买，另外必须带一套衣服，全都会湿透的呢～呼呼～总的来说还不错，可以来试试。嘻嘻
785542354,1471427184300,50,设施可以，环境舒服，一行人很开心，下次还来
696583904,1471229942420,50,漂流好好玩哦，如果有机会我还会去的。很刺激，很过瘾。
101563055,1469849166181,50,"很好，好好玩，就是水小了点，我们一路捡着完水的工具到终点🏁🏁嗨森[去游泳],点击[ http://pinyin.cn/e4589 ]查看表情"
895486554,1474770088609,40,没有感觉那么好，售票从离出发点太远了！
896151206,1474882817618,50,还是可以的。。比较刺激。很好的体验
867754571,1471759622426,50,蛮刺激的、高过河的漂流属于那种又刺激但是不至于危险的那种、全程有好几个激流区、还有一个小瀑布、虽然感觉有几次都有要翻船的感觉、但是只要抓好就可以了、而且每个危险地方都有工作人员在、没事的、下个月准备再漂一次、多穿点、漂到后面冷
876347135,1472113364149,40,硬件设施没有维护，洗澡的喷头是坏的而且洗澡环境没维护，脏，满地垃圾，好歹200多的门票，就不能好好维护下？，漂流的水有点小，感觉没以前刺激了，唯一好的点就是漂完后等候时间没以前长了因为人没以前多了。。需要好好管理啊！！！
29351861,1469457458419,50,高过河漂流是我们朋友暑假必去的景点。这里不仅风景优美，而且刺激好玩。后勤保障工作完善。喜欢冒险刺激的朋友一定要去哦。
782696117,1471408192130,10,买了十张票，结果因为有一人因为身体原因景区不让漂流，当时反复和商家确认说可以退票，结果后来出票商打电话说因为是一次付款，所以不能单独退，请问难道我要买十张票需要分十次付款才能退吗？太可笑了！这种出票商钱也得了，票没用，真是够黑。
890422795,1474021454852,50,相当不错。。。比想象中的刺激。。。全身湿透。。。请带好换的衣服。。。
890554717,1474099220595,40,当天天气有点冷，不过玩得很开心很刺激！！
827771410,1471511973640,50,不错，五公里，飘了差不多三个小时，
890306733,1473987235755,50,太惊险刺激了！！！吓死我了，胆小怕水的朋友建议别去
889133746,1473910153738,50,好冷啊，不过真的很好玩，路上的食物也很可口。
890668911,1474021717163,50,相当不错。。。好玩。。。刺激。。。全身湿透。。物超所值。。
890668719,1474021705736,50,相当不错。。。好玩。。。刺激。。。全身湿透。。物超所值。。
890621152,1474021738615,50,相当不错。。。好玩。。。刺激。。。全身湿透。。物超所值。。
890211953,1474021694094,50,相当不错。。。好玩。。。刺激。。。全身湿透。。物超所值。。
223954289,1470212965347,40,一开始还有些担心 漂完后觉得挺有意思的 。。漂的时候快下雨了 一直打雷   漂到后面越来越冷 一定要带换洗衣物 。。路上的有买各种烧烤补充能量的 喜欢烤米皮。。寄存东西非常的坑 让你去商品部买存东西的口袋 买口袋会送你个舀水的瓢和防水袋 这个搭配套餐就要30元 去寄存窗口他还要你出示买口袋的小票。。
111746036,1469862591727,50,真的挺不错的，虽然漂到后面有点冷但还是很值得第二次去的，下次去的时候一定选一个大太阳天！
660764923,1471175699881,50,非常好玩的，也漂亮，都去了4次啦，一次比一次去的人多
890256605,1474075553659,50,服务特别好，关键是超级刺激，值得一去，
889947946,1473987267466,50,很不错的漂流，惊险刺激。胆小勿入
518823996,1470878852306,40,天然养吧漂流之行，途中两岸风景如画，古朴原始，幽静自然，不虚此行
48308494,1469716587877,40,还不错的，值得去玩，就是里面东西比较贵，漂得还可以，好评！
105117637,1469853822870,50,就是好玩喽，这次的水好像特别清澈
888341191,1473668170208,50,漂流都是来高过河，比其他的都好玩
887429958,1473601750177,40,价格小贵，但是很好玩，唯一不足是老人小孩不能玩，太危险
887852088,1473600106701,50,环境不错，感觉不是太险，船漏气了，中途没有补气换船的！
875530021,1472018658066,50,惊险刺激，尖叫连连，水质也好，沿途增加点服务人员就好了，有时候船进水多了，我们两个女生根本没法把水倒出来，全靠陌生的漂友帮忙
884772015,1473158727054,50,很刺激 很好玩 有点冷 当天不算冷 山泉水很冷 漂流几小时上岸一杯姜水抖出来一般半
880893665,1472636355989,50,设施一般，但是好玩刺激！要去的朋友千万记得一点左右再去漂，水太冷了，有点受不了
885828637,1473433031948,50,第二次来了！很好。第一次不知道可以网上订票。
114341560,1469947578973,50,服务很好，但是没有想象中的怕，挺好玩的。
886057064,1473335997630,50,风景如画！水质清澈见底、漂流刺激、所谓一路尖叫一路欢笑
875373693,1472042266580,50,出票快，漂流很刺激，但也有一定危险，因为看见有人受伤，个人觉得漂的时间有点太长！
881352470,1472776158231,50,一定要提前两小时，不然绝对不会让你验证，还不错吧，还算刺激！
882658538,1472904161184,50,刺激好玩，非常不错了啊，只是可惜手机没有带进去没有拍照片，明年还会再来
23556179,1468898655920,50,还不错，挺好玩的。就是周边什么都要收费，连打个气也收费。船不是很好，一定要选好一点的，不然老是漏气，在路上很麻烦。
857713338,1466565162000,30,服务不怎么好 我陪同学去的 漂了十多分钟就上岸了 因为不够刺激 后来我们急着出园 但是怎么走都走不出去 是有观光车但是能坐车的距离太短了 估计是我们在上游就上岸的原因吧 一直走下去 看见有人翻船了 好恐怖的感觉 而且救生员也不多 我在水里试图走到对岸去 但是水太深了 我至少踱步了二十分钟都没有人来拉我上岸。有些地方没有救生员 是在相对平缓的地方 不过我同事就在哪里翻船了 而且水很深 但是没有救生员 还好我同事会游泳  感觉设计也不合理 拿票去换衣服鞋子哪里一团糟 总之要玩还是可以 但是服务不好
886432904,1473405593423,30,刺激程度一般，环境还可以，门票不便宜
168750918,1470073064862,50,水质不错，漂流不是很险，很好玩。
884638811,1473209408244,50,刺激惊险  提供的装备齐全 夏天必游之处
883745110,1473071573649,10,"简直就是垃圾，服务差，环境差,没地方洗澡换衣服。"
884398605,1473079405058,50,不错不错吧适合年轻人 我真的不知道怎么样才算可以 好就来了
884988245,1473301961483,50,好玩刺激，就是天气有点冷！夏天很适合
883867517,1473136360016,50,出票员太态好、讲诚信我们去的每个人都非常满意。
881502836,1472777332445,50,挺刺激的，感觉刺激过头了都有点危险的感觉，在贵州漂流来说算是不错的了。
110961761,1469861427065,50,特别好玩，但是缺点是终点的地方没有淋浴间冲洗，有太阳的天气还好，阴天会冷的很惨，其实可以像南江大峡谷那样，行礼可以用车运到下游终点，游客可以换衣服冲洗。一起去玩的小孩一直喊冷 但是安全措施做的比南江好，隔一段就有安全人员，这点值得赞扬。
874773216,1471919570390,50,单独说漂流真的是好到不能好，可是我们去那天下雨了，只漂了全程的三分之一，哭(´;︵;`)以后有机会还要去！争取漂完全程，真的很有意思很棒！
23557769,1468900109863,40,很冷但很开心 有机会还会去玩。
113935971,1469892560953,50,去过很多漂流这个确实很刺激，够吓人，别人说会冷，开始还不相信，亲身体会了一番，冷！美美门，回来的路上要转两趟车才能到起点，排队时间有些长了，但一路都有服务人员，所以还是很放心的。景区的东西还是有点贵，但也能接受，能自备的，大家还是自备吧
880684655,1472610961934,40,环境不错，比较刺激！就是兑票时候比较麻烦一点，如果能快点就好了
884260298,1473136670270,50,出票员态度非常好、讲诚信我们每个人都非常满意
40002407,1469672744905,50,很刺激，很好玩水干净得不行，就是装备不好，很脏。
829594058,1471683366202,50,还可以惊险刺激下次继续进行漂流
875818539,1472041877623,50,挺好玩，刺激的地方很刺激，风景也很好，就是希望漂流区提供的漂流鞋和护膝可以弄得卫生干净一些。
882682892,1472885379277,50,太刺激咯    还找不到地方玩的朋友值得去玩一次
16929285,1468242448578,50,服务好人也少，到了之后就可以换票，漂流也很好玩。
123317118,1469967804970,50,挺不错的，很刺激，一路也都有小吃，就是有点小贵 。不过总的来说，玩得还是很开心😊
883034395,1472966645431,50,全程需要花三四个小时。蛮喜欢的。
658450729,1471148838107,50,很刺激，就是那天下雨太冷，我会还去的！真好玩！
880263806,1472554275654,40,河道很不错，好玩！唯一的缺点就是水冷啊！那是真的冷，不管外面怎么热，里面水就是冷！
23613453,1468898756522,50,建议以后路边加气应该是免费，不应该收费，老是收费，让人家买东西，这样不是很好。
227835626,1470316505201,50,挺好玩的！还没过瘾😁。去的小伙伴记得防晒哟
876269001,1472102604318,30,设施很一般，玩的乐趣还行，好在两旁有比较高的山不晒，但是不够刺激！
883499258,1472989779438,50,便宜 刺激 环境好 好玩 赞 远
882172785,1472877360086,50,很好玩的地方，高过河是个激荡回肠的地方
876483256,1472100925047,50,超级爽 刺激 完美 改善下淋浴环境就更好了
869132198,1471800730869,50,很好玩，刺激，下次还会再去，一路风景也很漂亮
619657417,1471101145272,50,路程太长了，要漂四个多小时，中途不可以退出不玩，而且救生员不是很多，漂流还是蛮刺激的激流比较多，但是也很危险，需要注意安全
877000453,1472190416699,50,在美团上购票需提前2个小时。所以要去玩的朋友请做好准备。
827698606,1471493878211,50,挺刺激的，非常好玩，路边的小吃也可以，唯一的遗憾就是，去的那天下大暴雨，还剩一公里多没有漂完！
839857443,1471708420856,40,服务不错的，可能去的月份不对，不怎么大，也不怎么刺激，特别是河边的小吃，又难吃，又贵，很坑的，劝大家别吃！
876407452,1471918120000,50,服务好，设施也很完善，下次还要来
881129260,1472652518307,40,好危险。没敢也没想去了。把我的三星S7漂没了😢
880732358,1472652593469,40,刺激，危险。注意安全的要去玩。我胆却
880340381,1472641477591,50,漂流还可以。唉。一眼懒觉。欲哭无泪
27208676,1469262817028,50,非常刺激好玩，有惊无险，很赞。
880526176,1472570500676,50,很刺激，大概漂流时长3个半小时，很多漂流的人
877935188,1472296674575,50,还可以，就是太危险了。我们有一艘船翻了，好吓人咯！
876060120,1472038948718,50,我们去了12个人，特别好玩，很喜欢，以后每年都去过，
721141547,1471261563538,40,环境可以，漂流过程中有五个地方很刺激，值得下次再漂，就是要提前一天订票可以多省钱三十。
879527958,1472521157633,50,什么都好      就是天气不好  哎！
230405484,1470319986551,40,漂流装备不卫生，鞋子护膝帽子救生衣都是湿的，鞋子护膝丢在地上自己翻，除了以上这几点，其他都是挺好的，漂流路线挺好玩的，也很刺激，全程漂了三四个小时
879550014,1472462143536,50,太惊险刺激了，还是可以玩的。。
875833611,1472043059318,50,"很好玩，提前一天定很划算，以后还会继续
"
876999429,1472190333912,50,已经去过几次了，还是一如往常一样。
876277060,1472102981444,50,挺好玩的 险滩处也比较多 周末去人很多 平时还好 建议平时去
868176085,1471790930572,40,和朋友来的。虽然找的时候费了点时间，后来玩的时候还是很尽兴的
875580369,1472038919095,40,很喜欢，每年都去，特别享受，下次还去
860446863,1471743718579,50,水太凉了，温差大，身体差的朋友最好不要尝试，会感冒，惊险刺激！
876131992,1472044720842,40,不错，好玩。刺激，也心疼自己喝了好多水
731776398,1471340236637,50,中途下雨，救生员还是很负责的在河岸边守着，朋友的船翻了，还好有救生员在！很好，也很开心
874794025,1471931895471,50,很方便，漂流很刺激，不错的选择。
31222923,1469607177837,40,大热的天，水特冷，冰冷冰冷的，每年都要去一次，这次水大比去年惊险多了！不说了宝宝心情现在都还没平定下来，最好是三伏天特别特别特别热的时候好一些不然，像我回到家都感冒了！反正下次不穿泳衣去了的！实在太冷了！
12825506,1467850178081,50,刚开园，感觉不错，这是第一次到这个地方，开园活动99，超级划算，电话沟通的那个美女也是超级好的，还告诉我们怎么开车去
26035354,1469159631514,50,还不错，那个整体的这次还是惊险刺激，啊！
868728908,1471790769121,40,很好玩，和朋友一起去的，玩得很尽兴。
874722120,1471867442647,50,超级棒，特别好玩，强烈推荐。。
617491479,1471098004365,50,今天漂流的天气太棒了。。一边下雨。一边漂流。。太舒服的天气了。。还有好多蝴蝶。。要是优惠再多一点就好了
582179940,1470905682000,30,"去了一次不想再去第二次，没有修文好玩
修文是贵州第一漂！"
874542264,1471866343779,10,工作人员不负责任，差点命丧黄泉。
868251847,1471765604769,50,卖家不行，不给发短信验证码，打了电话也不发
859779862,1471743476722,50,漂流惊险刺激，在怀化感觉就是太远了
798749559,1471444079566,40,蛮不错的，就是少了点刺激，沿途的补给点强制性消费严重
791856776,1471434990204,40,设备太差！全部漏气的！换了好多次！真心不想来第二次啊
865734077,1471753906291,50,整体感觉不错，要是中途有官方加气就好了。
660626409,1471158401437,40,超级刺激，美团取票很快很方便，就是有些船的质量不太好。
859941414,1471743520598,50,漂流的水太凉了，有点冷了，惊险刺激
829363051,1471665541019,50,很好玩，第二次去了。河道刺激惊险。
868125004,1471765707171,50,卖家不行，不给发验证码，打电话也不发
114467915,1469952330755,50,星期六人有点多，不过很好玩。下次再和家人一起去。
829504004,1471669512492,50,"太刺激咯
美美哒，做好防晒工作，免得变黑炭"
856032407,1471735670998,50,设施比较到位，服务态度很好，好玩
386637007,1470619862917,50,全程刺激不断，尖叫声无处不在！！！棒棒棒！漂的时候还下着大雨，水流就更大了，太刺激了。以后漂流就到高过河！！
217553628,1470138599840,40,很不错的地方，决对是一个漂流的好地方，惊险又剌激，整整三个小时，全程都有安全员在岸边保护，就是可惜没有照片，下次还会去。
16737121,1468229805151,50,非常的物超所值，建议喜欢漂流的人都去漂流。
660881651,1471175755111,50,很好玩，去了4次啦，美团要便宜20块钱。10个人，都可以便宜出一顿饭钱啦
828114500,1471514915573,50,好玩，好玩，真好玩啊，很刺激，就是不停再舀水，有点累，不过还是很开心的啊！
859907918,1471743417652,50,漂流很好玩，惊险刺激，有惊无险
829667143,1471660347453,50,挺好玩的    险滩较多    比较适合爱刺激的朋友们。
190701963,1470102478530,50,惊险刺激很好玩，有点冷，但沿途都有提供免费姜茶，终点还有可以包扎处理小伤口的地方，所有险道都有救护人员，赞
721890411,1471308506467,40,第三次去漂了，一如既往地好玩，就是水有点冷
828425461,1471588168797,40,还是挺值的，下次有机会还会来。
660751938,1471151767748,50,不错不错很刺激很好玩，朋友们都说好还准备下次在去
53764068,1469779378488,50,全程大概漂了4个半小时，很刺激，值得来玩。
743272271,1471354959599,40,淋浴室设施有点差，没提供洗头膏，沐浴露！其他都还行，刺激！
653454262,1471142903204,40,很快就拿到票，装备自己找，沿途都有工作人员，漂流很好玩，值得一游！
661827756,1471185789088,50,还是挺刺激的，好玩，就是天气不太好，漂到后面太冷了
837990697,1466477514000,50,每年都去，这次最便宜，可能雨季的原因，水有点浑
671861602,1471198567534,50,很好玩，很刺激，估计是周边最长的一条漂流的河了
224392884,1470278708314,50,很好玩人很多，但是漂流工具很不卫生护膝布鞋都没洗过也没消过毒，建议大家去的时候还是自带比较好😄
524542184,1470886978597,50,还可以吧，环境很好，美团才优惠十块钱，工作人员比较少
666187531,1471191651491,50,每年都会来一次，很刺激。美团购票也非常方便。
828201256,1471499784981,50,很好很刺激啊。也比较方便 还有车接送。哈哈哈。
828922027,1471604609436,40,对于老年人玩合适，对于年轻人不够刺激。
524409562,1470886931392,50,总体感觉很满意的，玩得很高兴，就是服务更好一点就好了
524389098,1470887027695,50,总体感觉还是挺好，一家人玩得高兴，工作人员比较少
828459007,1471575469948,50,好玩，刺激！  下次还会再去的
225219489,1470312295638,30,第一次团购这么多张票，刚开始还有点担心，到达目的地等了半小时终于取到票了，总体来说，还可以
722105057,1471310493689,50,环境好。刺激。人多。开车直接到
131817813,1469978116433,50,路标明了，服务态度很好，路线清晰，很刺激哟！
827984977,1471527194440,50,更衣室环境比较差，漂流还是刺激
599362898,1471060082598,50,亮点之一就是不断往船外舀水，不舀也可以，可以跟水瓢一块沉入河底
660886395,1471184132204,50,一帮朋友一起，够刺激，超级好玩，下次有机会还去，
665926396,1471191275631,50,一年来一次，每次都觉得很刺激。超级棒。
223914911,1470218649911,40,团购后，要两小时才能出票！感觉不是传说中那么惊险刺激！还可以啦，得到放松也不错
553709685,1471003246080,50,不错，方便快捷！一家三口玩得很开心！可惜没拍照片。
497496111,1470847335367,50,非常刺激，希望你们去玩的时候是在正中午，不然会佷凉快
660853108,1471181530603,50,总的还是好的，就是船一点老了。
483190489,1470826476074,50,够刺激，够大胆，去记得多穿点衣服，好冷的，漂流到一半的时候
601882899,1471078460030,50,环境不错 还翻船了 水流湍急 漂流一定要来这里
472866189,1470811263315,50,很好不错！值得去！赞一个！，！
472618719,1470811273559,50,很好不错！值得去！赞一个！，！
163789634,1470045363694,50,在美团买的票很划算.取票也很方便快捷.第一次到这玩.很刺激很好玩.孩子们漂玩后尽然说还要再玩一次.
465141107,1470797120888,40,设施这些都还可以，但觉得人多好好玩些。
405483999,1470661316725,40,水很是干净，不错，有机会可以再去。
293771219,1470451419837,50,"人超级多, 出票很快！服务态度还不错！而且是个很美的地方 漂流很有意思！！"
293755968,1470451433258,50,"人超级多, 出票很快！服务态度还不错！而且是个很美的地方 漂流很有意思！！"
464956850,1470797064717,40,还可以，很刺激，下次再来玩，哈哈
464967425,1470756799573,30,老年漂😄😄😄😄不太刺激，但是全程比较长，还行
491045892,1470837960653,50,全5分，下次还来，非常好，多多支持。
37337167,1469661252642,40,"漂流过程刺激、惊险，但是漂流的起点和终点离购票处有点远,都不能及时更换衣服，还要做很久的车才到。"
113979909,1469926392789,50,漂流结束了，停车场到处都是白网鞋。建议收取押金，不退鞋就不退款。看这些人还乱扔不。
113404587,1469865614722,40,还不错，挺刺激的，比南江好玩多了！不过就是服务态度不是太好有待改善，不过下次有时间还要去，
113929783,1469926091962,30,漂流一路刺激，就是水有点冷，这可是酷暑天气啊。还有就是周末的门票贵30元，介意的改日。
405040365,1470648612466,50,还不错，比在现场买优惠了20左右，很实惠
398245616,1470636083757,50,好玩是好玩。就是人多。又翻船几次。被吓哭。
284792174,1470409747847,50,真的棒，很好玩，这个钱花得很值得
224067796,1470223830209,50,装备脏，服务还行，漂流就非常不错了，总体大家很满意
114039211,1469926216189,50,比施秉漂亮好玩多了，但不适合小孩老人漂流。峡谷风格也不错，适合这个季节漂流。
163840857,1470047491249,50,惊险刺激的漂流，全家玩得开心。推荐给想去漂流的朋友了。赞一个!
163971004,1470056674617,50,真的好刺激啊，水很干净，环境很优美，下次还要带全家人一起，很满意
111827645,1469862692913,50,很好的一次旅游，同去的伙伴都相约下次一起，虽然这次去晚了点但是还是漂完全程了
224751584,1470296268963,50,能在雨中漂流，这是最激情的一次。值得分享！
291287043,1470448050582,40,很好玩，人也很多，第一次去很开心
12643559,1467811420484,40,漂完之后的地方没有冲洗的地方 还要坐车到他们的服务站去换洗 做车还要等半天 本来在水里都很冷啦 还要我们在那里等半天 人坐满才走 而且去到他们的服务站的路特别的陡 差不多有70度 好危险的感觉 漂啦一次下次我是不想在去啦
224014894,1470220462180,50,真你妈自己呀，真的很刺激啊！。
134915597,1469982220717,50,设施可以、服务满意，总体来说这次漂流活动值了。
24746743,1469011632820,50,很好很好很好很好，超级喜欢玩，特别刺激
224426369,1470237115209,50,这是第二次去了，感觉很刺激啊！女儿特喜欢
21013383,1468659564739,50,没感受到什么服务，随处可见塑料瓶塑料袋，环境保护方面管理方还需加大力度。漂流还是很刺激的，还好我们娘儿俩没有翻船。
224394809,1470237711278,50,很好玩，增加了水渠，很刺激，每年必去玩景点之一
111327567,1469862091240,50,所用的护套，头盔，救生衣有点破旧，但是漂流还是比较刺激，
160222405,1470023923620,50,激情四射，是我玩过最好耍的，刺激过瘾
118158815,1469961400744,50,换票挺方便的，比在现场买票划算。挺不错的
215660134,1470136087549,40,太爽了，就是可惜没有带手机去。
223663250,1470194508360,30,不错！很刺激！不过装备有点不好！
105008770,1469853734890,50,很不错的，很刺激呀！下次来再玩呀
113621854,1469877585764,50,第二次去了 环境什么的都很棒 就是漂的时候会有点冷
28693338,1469411063064,50,漂流蛮好玩的，这个网上订票服务也蛮好的，唯一美中不足就是买票不能马上取，要两个小时
53754227,1469779520038,50,值得去体验一下，还没去的赶紧去体验吧。
56680045,1469790033765,50,"很好玩，玩得很开心，下次有机会我还来！
"
833824985,1465566101000,50,环境不错，漂着非常刺激，就是观光的票太贵了，没什么可看的
40521406,1469675190684,50,不错的，挺好玩的，又刺激，还没有玩够，下次有机会还去～
31286707,1469612008882,50,高过河一条会咬人的河脚受伤了。
38801261,1469667060933,50,风景不错……漂流也好玩……就是把船漂坏了
113634242,1469875182279,50,可以，很好玩，刺激，下次还是继续经常来玩。
28654236,1469407880227,50,好玩的一次漂流，值得关注和推荐，最好穿易干的衣服
28633504,1469407870149,50,好玩的一次漂流，值得关注和推荐，最好穿易干的衣服
28623254,1469407831220,50,好玩的一次漂流，值得关注和推荐，最好穿易干的衣服
28616315,1469407851386,50,好玩的一次漂流，值得关注和推荐，最好穿易干的衣服
29713777,1469507855313,30,漂流很刺激，不适合小朋友，就是出票太慢了，
44571543,1469693686452,40,服务有待提高，用具管理需加强。
53901057,1469783933953,30,不错，跟着几个和心的伙伴玩得很嗨
29298080,1469451672752,50,人非常多，好玩到爆，落差非常大，刺激得很。
53396240,1469756132198,50,漂流风景特别好，惊险刺激好玩凉快。
29717302,1469509375573,40,一路欢笑，一路尖叫，很不错的一次漂流
29794036,1469509458770,40,出票有点慢，漂流很刺激，值得了
28640800,1469408794143,50,很不错！很好玩！值得去一次！漂了三个小时
31289667,1469610041602,50,很刺激，很好玩，就是全程非常冷
28668490,1469408763759,50,很不错！很刺激！值得去漂流一次！
18188820,1468390965202,10,根本就没有去，那天下雨，这么冷，下水不死啊，然后也不给退钱，差评
850893728,1466667146000,50,很好玩，也很刺激，镇远的人都挺好的，如果有亲要去的话，最好准备充分哦，比如换洗衣服等，以及交通也要弄清楚的，不然会不划算滴，祝各位玩的愉快…
25906605,1469144887762,50,非常不错每年都来，人少环境很好，刺激
18196995,1468391014113,10,根本没去，那天下雨，下水要冷死人的，还不给退，差评
24571778,1468996987745,50,好，好玩，每年都会去玩一次，爽
24579055,1468999816263,50,漂流还是挺刺激的，没让大家失望！推荐！
20274607,1468583555536,50,一如既往的刺激，没次来都玩得很尽兴
22965309,1468826972295,40,前半段一般，后面越来越刺激，落差大。
18267913,1468399508487,40,还可以 个人觉得没有想象中的刺激 风景不错
17064413,1468254308346,40,第一次到高过河来漂流，这次真的感觉到什么叫刺激，太好玩了
16476753,1468209244847,50,相当刺激，就是护具都旧了一些希望换点新的！
10926971,1467626504251,30,我感觉还不是很刺激 漂了三个小时 手摇水都摇酸了 水质挺干净
10920732,1467626488251,30,我感觉还不是很刺激 漂了三个小时 手摇水都摇酸了 水质挺干净
846095707,1466686370000,50,挺好玩的，去的时候好怕船会翻，还好有惊无险。取票也方便。
874204442,1466389695000,40,漂流太刺激了好玩，我来玩个二次了，这次带家人来玩，大家都说好。
5816740,1467285325806,50,把楼上收拾下 把吊床拿下来 晚上有人来上课
866827262,1466681866000,50,还满好玩的。一刺激就是有一点远
856003479,1466402804000,50,很过瘾，99花的非常值！9个人都很满意这次漂流！
833365295,1466503018000,50,第一次去漂流，超喜欢，刺激，过瘾。
848193468,1466002382000,50,第一次去端午节还是有点冷，只不过真的好玩。
841509516,1466341206000,50,很好玩，很刺激，很划算，下次有空还要去。
831512822,1465967879000,10,情愿去售票厅购买 太坑人了 真的要给个差评
830088859,1465577733000,50,太好玩了，船翻了，还是很安全的
836458351,1465348615000,40,挺好玩的，服务态度好，第一次玩还挺刺激的。
930100412,1480148775000,50,好玩
923345219,1479013649642,50,高过河漂流，挺刺激的
2109367674,1568123990934,40,
2084846813,1566301752218,50,
2064265678,1564741665322,50,
2063821440,1564741768766,50,
1765764580,1534557283198,50,
1144162932,1509358260111,50,男朋友很开心 开心得很真实
1125938740,1507206123155,40,一个字，堵
1118488796,1506309661500,50,值得一去
1117927516,1506235403673,50,每年都会来
1110551644,1505299459897,50,不错
1102978885,1504277764957,40,好可以，刺激
1101453494,1504149866741,50,好玩，不错
1100659825,1504011081998,40,网票经销商。 服务太差。  投诉投诉。大大的投诉
1098120744,1503666777478,50,
1097743658,1503666810729,50,
1097398780,1503634992447,50,很刺激，好玩
1095969513,1503474487558,40,刺激、好玩
1093107892,1503134057682,40,
1088171601,1502526090095,40,我只想问，为什么不可以开发票？？？？？？
1085957043,1502180510321,50,很不错，很凉爽，很刺激很好玩，不去是你的损失。
1083028071,1501764823684,50,
1082932623,1501764863534,50,
1082565834,1501764840516,50,
1079861868,1501410313147,40,挺刺激的，就是太远了点。。。。。。。。。
1075860273,1500951457068,50,刺激刺激，最刺激的漂流了，昨天去的今天还在回味，哈哈哈哈哈哈
1069923459,1500197288803,50,很好耍的！
1065726385,1499744235983,50,旅途平毯一切不错
1055874790,1498545521283,50,挺不错的
1026290527,1494493330355,50,
1001574883,1491042845666,50,
997872561,1490487015794,50,可以
990447491,1489290677699,50,
965344059,1485172805303,50,
962542455,1495102536338,50,太累
943178016,1482049246943,50,挺不错的，下次还来！！！！！！
935391395,1481035662645,50,下次一定去还要去看看玩玩 非常刺激
921763699,1478684939921,40,没有想象的刺激！！！！！！！！
920487966,1478483475262,50,一首会唱歌的河，真的很不错哦！感觉最好玩的一次漂流！
902667694,1475730357902,50,非常好玩，非常过瘾。非常划算！！！！
895480323,1474782790164,50,........很刺激！明年还会去！
888813480,1473742524686,50,水有点小，其他都还可以。。。。。。。。
884702073,1473221028081,50,爽这个真的超级爽！！！！！！！！
741452558,1471352944020,50,下大雨，不准漂了！！！！！！！
599495087,1471059491140,50,很刺激，很好玩，风景很美，就是中途冷很，去玩的亲们，去早点，最好中午太阳正大时在水里面，就不会太冷啦！千万别下午去。漂流就要3个小时才漂完哦！
461217951,1470740363977,50,很刺激，很壮观适合年轻人一点的人玩
313450151,1470478310652,50,很好玩 服务也很好跟几个朋友一起去的
265766681,1470367009688,50,不错，每年都必去的地方，好好好好好好好好
2413474970,1595304824822,40,
2412853482,1595225466727,50,
2411160695,1595076093171,40,
2410918651,1595129693497,50,
2410857998,1595122946058,50,
2410687040,1595130673210,50,
2410080616,1595068901603,40,
2407986181,1594998026079,50,
2406098832,1594868076746,40,
2405858225,1594877443247,40,
2405746633,1594867583623,40,
2404925973,1594805609491,40,
2403624556,1594718600745,50,
2402506292,1594629605936,50,
2402338058,1594565946568,50,
2402097558,1594578423345,50,
2401713572,1594565934017,50,
2401542428,1594556803512,40,
2401365639,1594479667331,40,
2401141445,1594563584131,50,
2400130826,1594454084326,40,
2400086442,1594452179270,50,
2399804723,1594450652465,40,
2398683831,1594306428915,50,
2397952370,1594366806927,40,
2397022609,1594323005613,50,
2396841972,1594283827312,50,
2395602874,1594197751350,40,
2395568763,1594178776121,40,
2393897732,1594092269153,50,
2393324119,1593950924148,50,
2393278926,1594010606570,50,
2393220873,1594045996230,40,
2393022583,1593940165460,50,
2392995155,1594006326062,40,
2392921248,1594010610523,50,
2392332951,1593914230516,50,
2392239675,1593946811319,40,
2392231417,1594010810677,50,
2392011223,1593873995731,50,
2391067799,1593837211604,40,
2391051963,1593874017685,50,
2391004272,1593914221578,50,
2390956566,1593874014741,50,
2390710618,1593874022775,50,
2390554285,1593874011848,50,
2390554157,1593874007849,50,
2390141405,1593874002140,50,
2386240387,1593588965088,50,
2385235074,1593489871775,40,
2383777522,1593445923342,40,
2382429203,1593324727184,50,
2382192448,1593324625852,50,
2380821241,1593265960340,50,
2379491671,1593073079858,50,
2379288195,1593139417597,50,
2378364858,1593081596472,40,
2378349126,1593097829475,50,
2377380426,1592979085511,40,
2376123221,1592969645009,50,
2374861089,1592811763933,40,
2372626345,1592704770502,50,
2371001768,1592536517827,40,
2366023731,1592142137872,50,
2365406783,1592122294269,40,
2365158040,1592122305845,40,
2365157912,1592122299730,40,
2364837714,1592112374096,50,
2364298323,1592039275731,50,
2362883986,1591970564109,50,
2362740656,1591954512077,40,
2362259471,1591871669612,50,
2361913791,1591877352667,40,
2361684270,1591847662378,40,
2359579886,1591685671848,40,
2358995284,1591685675313,40,
2358933284,1593841613599,50,
2358516149,1591685668752,40,
2355716439,1591362862419,40,
2352490267,1591193729687,50,
2349707551,1591013720733,50,
2349441746,1591013717519,50,
2349080938,1590939524487,50,
2347933351,1590837678819,40,
2346306724,1590816762110,40,
2345380094,1590678219066,50,
2345247723,1590669855943,50,
2345146576,1590728587724,40,
2344636063,1590669831002,50,
2344521881,1590728494421,50,
2344066393,1590678206262,40,
2343910267,1590591002360,40,
2341378680,1590458472691,50,
2339495623,1590228583971,40,
2339192486,1590308163299,50,
2338931022,1590228594444,40,
2335104792,1589989962451,40,
2334210614,1589899212565,50,
2333198802,1589861573711,50,
2332283972,1589779779329,40,
2331252097,1589687266270,50,
2331119155,1589675409198,50,
2330708284,1589675412824,50,
2330665815,1589552868179,50,
2330467773,1589687227065,40,
2330466278,1589679100835,40,
2330206786,1589552863871,50,
2328404182,1589463769558,40,
2328153230,1589430936360,50,
2328002605,1589454729227,50,
2327884920,1589454725300,50,
2327778807,1589340214770,50,
2327000910,1589340198411,50,
2326690337,1589340219293,50,
2326363332,1589340189375,50,
2325904637,1589340194011,50,
2324562946,1589106384992,50,
2323416502,1589084863250,50,
2322368771,1588999317726,40,
2321507363,1588924689600,50,
2321357967,1588874504555,40,
2321204462,1588860916298,40,
2321000891,1588860922775,40,
2320861288,1588851911042,40,
2320799667,1588852468017,50,
2318932506,1588727407544,50,
2318870388,1588735456178,40,
2318706967,1588600152053,50,
2318418749,1588735447513,40,
2318336002,1588604189855,40,
2318335970,1588604184894,40,
2318051953,1588692450540,40,
2318022607,1588600594925,50,
2317908106,1588600169187,50,
2317752859,1588600175097,50,
2317631619,1588600144926,50,
2317361620,1588601309615,40,
2317229874,1588601318319,40,
2316884789,1588602543765,50,
2315752412,1588494859130,40,
2315507492,1588481655233,40,
2315380178,1588481649547,40,
2314968407,1588330982163,40,
2313290439,1588233464900,40,
2312399426,1588164646622,50,
2309547847,1587898494084,40,
2309357800,1587954707914,40,
2308695101,1587963798904,40,
2308210012,1587884594554,50,
2307677553,1587884587372,50,
2306546122,1587698131463,40,
2306350331,1587698140212,40,
2306138463,1587698127738,40,
2304638757,1587606629089,40,
2304066901,1587550295986,40,
2303106692,1587405432798,50,
2299783990,1587098466099,50,
2298986424,1587039889494,50,
2298908422,1587053440162,40,
2298887052,1587039883850,50,
2298366140,1586969119194,40,
2294913254,1586672557442,40,
2294400034,1586508615518,50,
2294352444,1586591203737,40,
2292767571,1586407218832,40,
2292757072,1586427347534,50,
2292139590,1586407213442,40,
2291764187,1586279659384,50,
2291314219,1586185344647,50,
2291250296,1586279663220,50,
2291071788,1586268501002,40,
2289878333,1586166953081,40,
2288731039,1585998184699,40,
2288550071,1585854970547,50,
2287838863,1585854966123,50,
2287655513,1585970382157,40,
2287486051,1585854955038,50,
2287370591,1585854961467,50,
2286677357,1585789184202,50,
2284651088,1585550437964,50,
2284396590,1585459002122,50,
2284088217,1585550443124,50,
2283690646,1585413141555,50,
2283626317,1585413136201,50,
2283385057,1585369766777,50,
2283012033,1585310373821,40,
2282044687,1585150826762,40,
2281535341,1585150822220,40,
2281388356,1585141622464,40,
2280913325,1585088174666,50,
2279494398,1584785702520,50,
2279399643,1584837191033,40,
2278820393,1584812050980,50,
2277499666,1584629295023,40,
2277403294,1584494851068,40,
2276854896,1584508496778,40,
2275490644,1584274522865,50,
2275398706,1584284625680,40,
2273005686,1583828469051,50,
2272693426,1583828468942,50,
2272501794,1583592016367,50,
2272189871,1583592016411,50,
2271258944,1583545862139,40,
2270760744,1583393800292,40,
2270558938,1583393821079,40,
2270522454,1583393810451,40,
2270513663,1583393794267,40,
2270500288,1583393816380,40,
2270172236,1583393786283,40,
2270110598,1583393805216,40,
2269889000,1583207504778,40,
2269878453,1583393778642,40,
2269349447,1582901240258,50,
2267305415,1582387064695,40,
2266259972,1582387064712,40,
2266237255,1582086206948,50,
2265366019,1582086215009,50,
2261553104,1580987471404,40,
2255777421,1579538935531,50,
2252845165,1579265281768,40,
2228102928,1577334858986,50,
2224152269,1577003227114,40,
2220330287,1576670080782,50,
2219110069,1576670077554,50,
2214806366,1576242780316,40,
2195250025,1574849368935,40,
2193384715,1574651470887,40,
2191882971,1574569680185,40,
2187177935,1574177335372,50,
2187055569,1574260812397,50,
2185896710,1574147967555,50,
2179957484,1573696979688,50,
2171327393,1572945575775,40,
2166739055,1572603916749,50,
2166228324,1572603913627,50,
2164015777,1572408854301,40,
2160223746,1572070080477,50,
2158481462,1571993468531,50,
2157929986,1571890559039,50,
2157819358,1571890554715,50,
2157521314,1571838280190,50,
2150408734,1571306258811,50,
2143509751,1570717904948,50,
2143185570,1570717827584,50,
2142565486,1570696906347,40,
2142257457,1570767787437,40,
2141793961,1570696896774,40,
2140434391,1570466580981,50,
2139038534,1570466592676,50,
2138587595,1570371753928,50,
2138497359,1570371739724,50,
2138470904,1570430034165,40,
2136310957,1570261436104,50,
2134044382,1570090067675,50,
2133879438,1570090046795,50,
2133725167,1570083434766,50,
2133269652,1570090061294,50,
2133230812,1570090056026,50,
2133155932,1570086405690,50,
2131156129,1569919007838,40,
2130134700,1569900230986,40,
2130070009,1569900218806,40,
2120314540,1569071819882,40,
2118977517,1568940598697,50,
2116843751,1568697718884,50,
2116667863,1568645274707,50,
2116465584,1568732599150,50,
2116461191,1568645265028,50,
2116126094,1568645287594,50,
2116015890,1568714978030,50,
2111959214,1568331970441,50,
2110736393,1568281044261,50,
2110253901,1568194524393,40,
2108671856,1568094109834,40,
2106832719,1567872287406,40,
2106075751,1567789275653,40,
2105519047,1567754722917,50,
2103905583,1567655588429,40,
2103835799,1567591061011,40,
2103330643,1567610334285,50,
2103224229,1567654923746,40,
2098846703,1567253911024,50,
2098766365,1567312289723,50,
2096563878,1567149360003,40,
2096283413,1567149372371,40,
2094684274,1566994707855,50,
2093911152,1566928570576,50,
2093011087,1566819574540,40,
2092758584,1566836535511,40,
2092711978,1566803919656,50,
2092567245,1566803907850,50,
2092402299,1566803913177,50,
2092114544,1566803900332,50,
2091724030,1566720127575,40,
2091530735,1566720108332,40,
2091081568,1566720096477,40,
2090406686,1566635008122,40,
2090161985,1566635004864,40,
2089837892,1566634999871,40,
2089611845,1566634964132,40,
2089577112,1566630008502,50,
2086823547,1566410373591,50,
2086055063,1566291903605,50,
2083451010,1566124704927,40,
2083428205,1566147589896,40,
2083024820,1566147599537,40,
2082992028,1566147642425,40,
2082633183,1566124687675,40,
2082477042,1566124699601,40,
2082453254,1566124693701,40,
2080863105,1565970255004,50,
2080515194,1565970250708,50,
2079541207,1565841493425,50,
2079504837,1565927613506,40,
2079191047,1565832172643,50,
2079141546,1565850394723,50,
2078588950,1565841499923,50,
2078414477,1565792076010,50,
2078378224,1565841506476,50,
2078224145,1565850400554,50,
2077972480,1565783962716,40,
2077652776,1565754614914,50,
2076562232,1565686807989,50,
2076431851,1565616672744,50,
2074886272,1565538392296,40,
2074786100,1565538405040,40,
2074739589,1565538397474,40,
2074723864,1565533447286,40,
2074531052,1565538375849,40,
2073710803,1565444812048,40,
2073498990,1565421174892,50,
2073050774,1565421181682,50,
2071768072,1565316001700,50,
2069690752,1565169351000,40,
2069600376,1565169421975,40,
2068658442,1565068148826,50,
2068614752,1565087576859,40,
2068447219,1565068155853,50,
2068423601,1565101366990,50,
2068320314,1565068161558,50,
2068106768,1565068183694,50,
2068020338,1565068178478,50,
2068020210,1565068173103,50,
2068020146,1565068167405,50,
2067805129,1565058169221,40,
2067713716,1565017209458,50,
2067578521,1565017200886,50,
2066990646,1564972695220,40,
2065946129,1564918152718,40,
2065449026,1564815020932,40,
2064892679,1564757030628,40,
2064892423,1564757016133,40,
2064892071,1564757002563,40,
2064683550,1564756973337,40,
2064646164,1564815006642,40,
2064251267,1564757011648,40,
2063871078,1564757007233,40,
2063870726,1564756997729,40,
2063870566,1564756988963,40,
2063840169,1564757021158,40,
2063642965,1564757025843,40,
2058951321,1564389306808,40,
2058747585,1564318362461,50,
2058131728,1564311540909,40,
2053641445,1563964259170,40,
2051043970,1563695079931,50,
2050804622,1563695127721,50,
2050133577,1563695117665,50,
2050058763,1563626708551,50,
2047728347,1563501101463,40,
2047598655,1563501091707,40,
2047339549,1563501096635,40,
2047247473,1563501085487,40,
2036579048,1562581654788,50,
2032246092,1562307182282,50,
2024829666,1561631232224,50,
2023896850,1561631238158,50,
2009997646,1560408882699,50,
1991445350,1558847132931,50,
1971925271,1557078215190,50,
1971768295,1557078210468,50,
1970807465,1557078205990,50,
1956067346,1555760006735,40,
1935193645,1553589933928,40,
1910389520,1550988986284,40,
1910283805,1551002223835,40,
1905901907,1550493590704,40,
1902197341,1550159886810,50,
1899628072,1549854651333,50,
1899200974,1549803044619,50,
1899189959,1549763089830,40,
1898790026,1549763100517,40,
1892204353,1548805268285,50,
1891076482,1548648645214,40,
1882986889,1547827276391,40,
1877985474,1547210306751,40,
1877830462,1547210285690,40,
1877259002,1547210338424,40,
1869847622,1546410809314,40,
1864149601,1545777844350,50,
1850823973,1544352243347,50,
1849342782,1544165686076,50,
1849131324,1544167907192,40,
1848599500,1544156433000,50,
1838780035,1543051087807,50,
1838462613,1543051094647,50,
1838138327,1542882606805,50,
1837531684,1542882596767,50,
1836524842,1542774931655,40,
1836124230,1542768944483,40,
1834786998,1542602393050,50,
1833139225,1542432036087,50,
1824450355,1541329525229,40,
1822191503,1541063777646,50,
1821093141,1540989324788,50,
1820427962,1540900409396,50,
1818229235,1540619146130,40,
1815571387,1540375777461,50,
1815514901,1540375787762,50,
1814952560,1540273505261,50,
1811220555,1539782746825,40,
1809902241,1539615367840,50,
1807075747,1539345372514,50,
1804906280,1539049704233,50,
1804013058,1538907860483,40,
1803854787,1538959195295,50,
1802767881,1538879654106,40,
1801176120,1538673868979,50,
1801069524,1538690776307,50,
1800997923,1538690779807,50,
1796988422,1538303521252,50,
1796045363,1538147081426,50,
1795743168,1538121689241,50,
1792497207,1537626605239,40,
1791744219,1537674454552,50,
1790660283,1537535652606,50,
1790549755,1537527251317,40,
1787882377,1537182464167,40,
1786400962,1536908082239,50,
1785960330,1536908072233,50,
1785945556,1536908086835,50,
1785852579,1536908091107,50,
1785842574,1536908077359,50,
1785796159,1536908062235,50,
1785729926,1536908067073,50,
1784929559,1536660566810,50,
1784713445,1536758624895,40,
1783332386,1536490141250,50,
1783276562,1536635156235,40,
1782871796,1536489974159,50,
1782569691,1536485001625,50,
1778261945,1535950714516,50,
1778132765,1535951519803,50,
1777840223,1535875554327,40,
1776632993,1535702294533,50,
1776049587,1535641968368,50,
1775826234,1535654851739,40,
1775768053,1535676373872,50,
1775611891,1535606003218,40,
1775415961,1535618628315,50,
1775239812,1535541582878,50,
1772364702,1535207035623,50,
1772100144,1535207021380,50,
1771641353,1535198484242,40,
1768940557,1534839156636,50,
1768723524,1534839150793,50,
1768222689,1534767113816,40,
1767652877,1534693315985,50,
1767198203,1534727386098,50,
1767058405,1534692956948,50,
1765901037,1534531063587,50,
1764959536,1534488531725,50,
1764847613,1534504729823,40,
1764664922,1534480259250,40,
1764074350,1534399771051,40,
1763080744,1534249079083,40,
1763032024,1534249067446,40,
1762409009,1534249072974,40,
1761595673,1534149656765,50,
1761223972,1534065664087,40,
1760505161,1534052554004,50,
1760420753,1534052546742,50,
1759709863,1533891137891,50,
1759525406,1533891113953,50,
1759330516,1533891129131,50,
1757652548,1533717792323,50,
1757308602,1533717797843,50,
1756487284,1533620481940,40,
1756136530,1533634715413,50,
1755681053,1533566848857,50,
1754412011,1533398026889,50,
1753191897,1533359539114,50,
1752979372,1533343146734,50,
1750859695,1533094768274,50,
1749471367,1532939903493,40,
1748613884,1532875835872,40,
1747927346,1532873235886,50,
1746937485,1532738121869,40,
1745781557,1532685322520,50,
1743922240,1532484847548,40,
1743219759,1532406897965,40,
1742698077,1532414017331,50,
1741863344,1532309912973,50,
1740701066,1532185222539,40,
1740592462,1532185147053,40,
1740424943,1532163946025,40,
1739958915,1532156626145,50,
1739538590,1532089440475,40,
1739158298,1532089436405,40,
1739125538,1532048059809,40,
1736619288,1531844398235,50,
1736604492,1531895554094,50,
1736318681,1531884556375,40,
1735548286,1531754777146,50,
1734530314,1531712987784,50,
1733616140,1531660882730,50,
1732563024,1531573945451,40,
1728682330,1531266457302,40,
1724311486,1530856752570,50,
1722323879,1530628178211,40,
1719229326,1530381796362,40,
1718658327,1530264114932,40,
1717899278,1530267311149,40,
1714642859,1529912794306,50,
1709714972,1529434095942,40,
1709417849,1529461632112,40,
1707947315,1529253510936,40,
1707470864,1529232141564,50,
1699654148,1528448289504,40,
1698949067,1528358190601,50,
1696323504,1528106380239,50,
1694306569,1527937719974,50,
1692408586,1527728860963,50,
1687829574,1527266664296,50,
1676848058,1526139059641,50,
1670156785,1525508027313,50,
1668163400,1525248045635,50,
1643441341,1522902261816,40,
1623828643,1520765217313,50,
1607287589,1518945746115,40,
1280747854,1517627885034,40,
1197311910,1515669501408,50,
1196261360,1515466771149,40,
1196097865,1515466775749,40,
1195300479,1515311946887,40,
1195141004,1515311989034,40,
1187100752,1514192165072,50,
1179277779,1513338503025,50,
1171783786,1512546603496,50,
1163918330,1511668302713,50,
1160586718,1511267736346,50,
1154132744,1510480195493,50,
1153714505,1510480199146,50,
1153677429,1510490655285,50,
1151635841,1510220412413,50,
1151407219,1510209383790,50,
1150740522,1510139258345,50,
1150547924,1510131972904,50,
1149029475,1509943493824,50,
1147144325,1509710332803,50,
1144269878,1509419003253,50,
1144152946,1509419008620,50,
1138103104,1508633687196,50,
1137858810,1508591298295,50,
1137735625,1508591294375,50,
1134980134,1508315819010,50,
1132938214,1508054802053,50,
1130304331,1507705688681,50,
1130130195,1507644161743,50,
1128372148,1507458071922,50,
1127372287,1507358309151,40,
1125125899,1507110725161,50,
1124456330,1507035259015,50,
1123912332,1506997404265,50,
1120623317,1506655670900,50,
1120043430,1506570798882,50,
1119188525,1506342800619,50,
1118517275,1506329196121,50,
1118450791,1506249397414,50,
1118214576,1506249403408,50,
1117460907,1506174290217,50,
1116874845,1506165845022,50,
1115677250,1505907478522,50,
1114842898,1505907488466,50,
1114458628,1505810114499,40,
1113592088,1505655306421,50,
1111545818,1505451010324,50,
1109514743,1505094650805,50,
1108808987,1505063572920,50,
1108504317,1505063563001,50,
1108298680,1505001160247,40,
1108278844,1505003027257,50,
1107868670,1504949751966,50,
1107166691,1504877594785,50,
1106204860,1504708182395,50,
1105841718,1504710269715,50,
1105310998,1504658190644,50,
1104949823,1504532114143,50,
1103232213,1504355163962,50,
1102448080,1504223238125,50,
1102169634,1504145564962,10,
1101871159,1504083012021,50,
1101705853,1504180692282,50,
1101430405,1504085369157,50,
1101222944,1504025879741,50,
1100839665,1504058487247,50,
1099514076,1503857174842,50,
1099151720,1503806117254,50,
1099130043,1503836812383,50,
1098351069,1503807153243,50,
1097759929,1503709179189,40,
1097692101,1503659369605,50,
1097517993,1503659378345,50,
1097351354,1503631588312,50,
1097304795,1503644182619,50,
1097299176,1503572810534,50,
1097206446,1503631616075,50,
1095775102,1503420325860,50,
1095684881,1503460724207,50,
1095639111,1503375123589,50,
1095553487,1503375112617,50,
1095084220,1503324703647,50,
1094318378,1503240713577,50,
1094094643,1503218323891,50,
1093809875,1503199771825,50,
1093189504,1503117660095,50,
1093069731,1503134976835,40,
1091756519,1502891604837,50,
1090798635,1502829751145,50,
1089801162,1502703320585,50,
1089801066,1502703315305,50,
1089727387,1502708023804,40,
1089674897,1502708028172,40,
1089486182,1502703351776,50,
1089361789,1502703356824,50,
1088763338,1502583716071,50,
1088364384,1502508822915,50,
1087981842,1502527737586,50,
1087913587,1502446561010,50,
1087769690,1502437275001,50,
1087758657,1502419462145,50,
1087218253,1502331593356,50,
1086557674,1502276586376,50,
1086547029,1502333996052,50,
1086502967,1502191717048,50,
1085529536,1502106589563,50,
1085440141,1502083927851,50,
1085367162,1502103774650,50,
1084985740,1502078634443,50,
1084911369,1502078626729,50,
1084858489,1502078621881,50,
1084779313,1502078630606,50,
1083542195,1501893898800,40,
1082486488,1501747099093,50,
1082448282,1501747105304,50,
1081638592,1501601298559,50,
1081611038,1501644294584,50,
1080783968,1501496091201,50,
1080135066,1501420772056,50,
1078908000,1501296697693,50,
1078711757,1501236631690,50,
1077264111,1501052183377,50,
1075751038,1500884219802,50,
1074431675,1500739618777,50,
1074431579,1500739610874,50,
1071561276,1500363214904,50,
1067623899,1499943104120,50,
1061442568,1499147868581,50,
1054419995,1498358236219,50,
1037422807,1495984310739,50,
1037146273,1495984305886,50,
1036855857,1496038668336,50,
1036855793,1496038661614,50,
1036563670,1495984315125,50,
1036454217,1495956589384,50,
1034119846,1495627889124,50,
1032551694,1495361927659,50,
1031446180,1495248851590,50,
1029950509,1494943224434,50,
1026318852,1494493325508,50,
1025572875,1494343617608,50,
1014736731,1492912806106,50,
1014588678,1492912814757,50,
1010056663,1492154104566,50,
1007637586,1491906962613,50,
1004215210,1491372296106,40,
1000770616,1490869467476,50,
1000733137,1490943904655,50,
1000127046,1490850671750,50,
999833769,1490761556584,50,
999081545,1490613314236,50,
992108550,1489571399878,50,
991260324,1489378693989,40,
987366634,1488771496106,50,
984162686,1488194742969,40,
972007879,1486346876067,50,
968377002,1485859334281,50,
968327713,1485786503808,50,
967762952,1485610721318,50,
965568300,1485172774409,50,
962034288,1484640711836,50,
961991273,1484650770283,40,
961878403,1495102511510,50,
960077138,1484416195923,40,
957639951,1483964276556,50,
955625839,1483703188396,50,
955255001,1483703216023,50,
955084950,1483703207028,50,
954997621,1483703195348,50,
953696452,1483449707076,50,
947286982,1482649340049,10,
946147812,1482487248387,50,
920083947,1478416390716,50,
